,Team,OFFENSE: Pts/Poss,OFFENSE: eFG%,OFFENSE: TOV%,OFFENSE: ORB%,OFFENSE: FT Rate,DEFENSE: Pts/Poss,DEFENSE: eFG%,DEFENSE: TOV%,DEFENSE: ORB%,DEFENSE: FT Rate,year,team_year,eFG%,Loc eFG%,Rim,Short Mid,Long Mid,All Mid,Corner Three,Non Corner,All Three,Pts/Poss,HALFCOURT: Pts/Play,HALFCOURT: OREB%,HALFCOURT: % of Plays,PUTBACKS: Pts/Miss,PUTBACKS: Plays/Miss,PUTBACKS: Pts/Play,ALL TRANSITION: Pts+/Poss,ALL TRANSITION: Freq,ALL TRANSITION: Pts/Play,OFF STEALS: Pts+/Poss,OFF STEALS: Freq,OFF STEALS: Pts/Play,OFF LIVE REBOUNDS: Pts+/Poss,OFF LIVE REBOUNDS: Freq,OFF LIVE REBOUNDS: Pts/Play
0,Average,105.8,0.499,0.157,0.29100000000000004,20.4,105.8,0.499,0.157,0.29100000000000004,20.4,2013,Average 2013,0.499,0.504,0.604,0.384,0.396,0.391,0.39,0.358,0.36700000000000005,105.8,87.4,0.294,0.802,19.0,17.5,105.5,3.7,0.141,125.4,2.1,0.5820000000000001,140.1,1.7,0.266,117.6
1,Oklahoma City,112.2,0.529,0.161,0.28600000000000003,28.6,101.7,0.47100000000000003,0.157,0.293,19.2,2013,Oklahoma City 2013,0.529,0.501,0.652,0.409,0.423,0.41700000000000004,0.423,0.36200000000000004,0.37799999999999995,112.2,93.0,0.289,0.787,20.4,18.4,108.7,5.8,0.157,135.8,2.8,0.622,147.3,2.9,0.285,129.2
2,Miami,113.4,0.557,0.152,0.252,22.6,104.2,0.494,0.171,0.309,19.9,2013,Miami 2013,0.557,0.509,0.682,0.392,0.43700000000000006,0.419,0.433,0.386,0.405,113.4,98.3,0.252,0.815,15.4,13.5,112.0,3.8,0.149,125.1,2.3,0.588,139.8,1.6,0.272,116.8
3,LA Clippers,111.5,0.529,0.16,0.315,20.4,103.7,0.496,0.177,0.294,22.9,2013,LA Clippers 2013,0.529,0.508,0.6579999999999999,0.42100000000000004,0.406,0.41200000000000003,0.387,0.353,0.365,111.5,90.9,0.327,0.78,20.6,18.5,108.5,4.7,0.171,126.1,2.9,0.636,143.5,1.8,0.294,116.9
4,San Antonio,108.0,0.531,0.154,0.23199999999999998,20.6,101.1,0.48200000000000004,0.156,0.271,18.0,2013,San Antonio 2013,0.532,0.509,0.634,0.41700000000000004,0.425,0.42100000000000004,0.41200000000000003,0.36,0.379,108.0,95.1,0.235,0.82,13.4,12.3,106.8,2.6,0.145,117.3,1.9,0.573,134.6,0.7,0.263,107.3
5,Denver,110.9,0.519,0.158,0.331,22.0,105.0,0.496,0.166,0.31,19.2,2013,Denver 2013,0.519,0.527,0.631,0.35200000000000004,0.359,0.355,0.34600000000000003,0.35600000000000004,0.353,110.9,88.0,0.332,0.752,23.7,20.8,110.0,6.2,0.185,133.0,3.2,0.674,148.5,2.9,0.354,123.6
6,Memphis,105.2,0.47600000000000003,0.156,0.337,20.4,99.7,0.478,0.174,0.28600000000000003,21.0,2013,Memphis 2013,0.47600000000000003,0.495,0.561,0.396,0.396,0.396,0.39399999999999996,0.34700000000000003,0.36200000000000004,105.2,83.7,0.335,0.7959999999999999,21.8,21.2,98.6,4.3,0.128,132.3,2.6,0.578,143.5,1.7,0.21,122.9
7,New York,111.2,0.518,0.134,0.28,19.8,105.9,0.51,0.16699999999999998,0.278,21.7,2013,New York 2013,0.518,0.516,0.588,0.366,0.409,0.396,0.384,0.384,0.384,111.2,92.9,0.281,0.8290000000000001,19.8,16.7,115.3,3.4,0.114,128.4,2.1,0.495,143.0,1.3,0.2,119.7
8,Indiana,104.4,0.48200000000000004,0.16699999999999998,0.32299999999999995,21.9,99.6,0.457,0.152,0.28600000000000003,19.8,2013,Indiana 2013,0.48200000000000004,0.5,0.593,0.382,0.37799999999999995,0.38,0.35600000000000004,0.35200000000000004,0.353,104.4,83.4,0.322,0.797,22.0,20.8,101.2,3.8,0.134,128.4,1.9,0.584,140.4,1.8,0.23399999999999999,121.6
9,Houston,109.8,0.526,0.168,0.29,23.4,106.6,0.505,0.152,0.276,19.9,2013,Houston 2013,0.526,0.532,0.613,0.35,0.368,0.358,0.39,0.36,0.369,109.8,91.9,0.301,0.773,19.1,18.2,101.4,4.2,0.177,123.1,2.3,0.6679999999999999,139.7,1.8,0.33799999999999997,114.9
10,Brooklyn,108.6,0.503,0.162,0.33299999999999996,21.8,106.3,0.508,0.15,0.284,17.2,2013,Brooklyn 2013,0.503,0.505,0.589,0.41200000000000003,0.405,0.408,0.405,0.345,0.36700000000000005,108.6,89.8,0.332,0.8190000000000001,20.4,19.9,98.7,2.7,0.111,120.8,1.8,0.496,139.8,0.8,0.20199999999999999,109.4
11,LA Lakers,108.3,0.515,0.16,0.298,24.1,106.7,0.499,0.138,0.285,16.3,2013,LA Lakers 2013,0.515,0.512,0.628,0.381,0.41200000000000003,0.39799999999999996,0.369,0.355,0.359,108.3,90.7,0.311,0.813,22.1,20.3,105.0,2.7,0.124,121.7,1.7,0.544,137.8,1.0,0.22899999999999998,112.9
12,Chicago,103.6,0.47100000000000003,0.158,0.32299999999999995,20.3,102.5,0.479,0.152,0.28600000000000003,20.5,2013,Chicago 2013,0.47200000000000003,0.496,0.59,0.345,0.371,0.361,0.34600000000000003,0.366,0.36200000000000004,103.6,83.5,0.324,0.8079999999999999,22.6,21.3,102.8,3.0,0.111,125.3,1.9,0.523,141.6,1.1,0.19699999999999998,114.3
13,Atlanta,105.3,0.523,0.158,0.242,17.3,104.4,0.499,0.16399999999999998,0.28800000000000003,18.2,2013,Atlanta 2013,0.523,0.507,0.654,0.375,0.39299999999999996,0.385,0.429,0.366,0.384,105.3,88.1,0.243,0.7829999999999999,15.2,13.3,111.9,4.7,0.17800000000000002,125.9,2.2,0.65,138.3,2.5,0.35,120.1
14,Golden State,106.2,0.51,0.16,0.27,20.0,106.0,0.491,0.14,0.276,21.2,2013,Golden State 2013,0.51,0.49,0.609,0.38299999999999995,0.414,0.401,0.46,0.39899999999999997,0.414,106.2,89.0,0.275,0.805,17.7,16.8,103.5,4.1,0.138,130.4,1.3,0.596,127.7,2.8,0.258,131.7
15,Utah,106.4,0.496,0.161,0.313,21.1,106.2,0.502,0.159,0.29,22.3,2013,Utah 2013,0.496,0.495,0.621,0.381,0.38299999999999995,0.382,0.381,0.379,0.38,106.4,86.6,0.315,0.8029999999999999,19.3,17.5,107.3,3.7,0.141,123.5,2.2,0.54,140.9,1.5,0.266,114.3
16,Boston,103.3,0.507,0.155,0.225,20.6,103.5,0.485,0.163,0.297,21.4,2013,Boston 2013,0.507,0.499,0.598,0.4,0.44,0.426,0.401,0.35,0.368,103.3,89.2,0.225,0.809,14.0,12.8,107.0,3.4,0.155,121.2,2.0,0.565,137.2,1.5,0.305,113.9
17,Dallas,106.1,0.51,0.147,0.244,19.0,106.5,0.496,0.154,0.29,22.9,2013,Dallas 2013,0.51,0.489,0.609,0.42200000000000004,0.431,0.42700000000000005,0.365,0.389,0.38299999999999995,106.1,90.4,0.244,0.797,15.0,14.4,102.2,4.2,0.153,126.6,1.8,0.557,137.4,2.3,0.3,122.0
18,Milwaukee,103.5,0.48,0.147,0.3,17.4,105.0,0.494,0.16699999999999998,0.313,20.1,2013,Milwaukee 2013,0.48,0.506,0.5660000000000001,0.349,0.379,0.36700000000000005,0.386,0.363,0.369,103.5,83.3,0.295,0.7859999999999999,21.3,19.8,103.4,4.0,0.14400000000000002,125.6,2.0,0.616,135.1,1.9,0.26899999999999996,119.4
19,Toronto,105.7,0.491,0.149,0.284,21.2,108.0,0.505,0.155,0.299,24.7,2013,Toronto 2013,0.49,0.495,0.624,0.41600000000000004,0.379,0.39399999999999996,0.35200000000000004,0.34700000000000003,0.348,105.7,87.5,0.28,0.838,17.9,14.9,117.0,3.1,0.11,126.8,2.1,0.514,151.3,1.0,0.205,113.2
20,Minnesota,102.5,0.474,0.159,0.304,22.9,105.0,0.514,0.171,0.282,18.4,2013,Minnesota 2013,0.474,0.508,0.5870000000000001,0.344,0.40399999999999997,0.382,0.36200000000000004,0.292,0.309,102.5,83.1,0.311,0.804,19.6,18.5,103.0,3.6,0.136,125.2,2.4,0.603,141.0,1.2,0.23800000000000002,114.0
21,Washington,99.7,0.47700000000000004,0.162,0.267,19.2,102.9,0.485,0.157,0.281,20.7,2013,Washington 2013,0.47700000000000004,0.49,0.588,0.39,0.37799999999999995,0.38299999999999995,0.456,0.32799999999999996,0.373,99.7,82.1,0.27399999999999997,0.807,14.5,14.9,95.6,4.3,0.147,129.7,2.1,0.565,147.0,2.2,0.285,122.6
22,Philadelphia,102.2,0.485,0.14300000000000002,0.27899999999999997,14.3,105.6,0.498,0.157,0.293,20.1,2013,Philadelphia 2013,0.485,0.493,0.586,0.40399999999999997,0.38799999999999996,0.39399999999999996,0.37799999999999995,0.36700000000000005,0.37,102.2,84.4,0.278,0.807,18.1,16.4,106.7,3.1,0.135,121.8,2.0,0.569,143.0,1.0,0.26,110.2
23,Portland,106.0,0.504,0.158,0.27899999999999997,19.3,109.5,0.514,0.142,0.28800000000000003,19.1,2013,Portland 2013,0.504,0.507,0.6,0.39899999999999997,0.401,0.401,0.39399999999999996,0.353,0.364,106.0,88.7,0.28800000000000003,0.8190000000000001,20.6,17.4,115.2,2.4,0.11699999999999999,118.7,1.7,0.555,142.2,0.8,0.23199999999999998,107.1
24,Detroit,103.3,0.489,0.16699999999999998,0.309,19.5,108.2,0.506,0.149,0.293,21.0,2013,Detroit 2013,0.489,0.515,0.584,0.35200000000000004,0.359,0.35600000000000004,0.359,0.368,0.366,103.3,83.9,0.312,0.79,20.2,19.5,100.0,3.6,0.151,121.5,2.1,0.6579999999999999,136.9,1.6,0.298,114.5
25,New Orleans,105.2,0.49200000000000005,0.16399999999999998,0.319,19.1,110.7,0.523,0.14800000000000002,0.284,21.0,2013,New Orleans 2013,0.49200000000000005,0.503,0.578,0.384,0.397,0.391,0.385,0.369,0.37200000000000005,105.2,84.7,0.32899999999999996,0.8220000000000001,24.2,20.0,117.9,3.4,0.10800000000000001,131.2,1.5,0.457,144.4,1.9,0.223,126.1
26,Sacramento,105.6,0.493,0.154,0.293,20.9,111.3,0.519,0.156,0.313,23.1,2013,Sacramento 2013,0.493,0.507,0.5920000000000001,0.385,0.36,0.37200000000000005,0.386,0.36700000000000005,0.37200000000000005,105.6,86.1,0.289,0.7809999999999999,20.3,19.0,103.2,4.4,0.155,128.5,2.3,0.684,136.1,2.2,0.305,124.3
27,Cleveland,103.7,0.474,0.153,0.313,20.0,109.7,0.525,0.16399999999999998,0.298,22.7,2013,Cleveland 2013,0.474,0.5,0.56,0.35700000000000004,0.41200000000000003,0.385,0.349,0.35600000000000004,0.355,103.7,84.6,0.322,0.812,18.5,17.2,105.2,2.7,0.128,117.7,1.8,0.5670000000000001,134.5,1.0,0.24600000000000002,108.3
28,Phoenix,101.2,0.48,0.165,0.298,17.5,107.8,0.513,0.161,0.301,20.8,2013,Phoenix 2013,0.48,0.494,0.616,0.35200000000000004,0.4,0.381,0.36700000000000005,0.325,0.337,101.2,83.2,0.297,0.7979999999999999,17.0,17.3,95.4,3.4,0.14,123.2,1.9,0.598,135.9,1.5,0.275,116.3
29,Orlando,101.4,0.486,0.156,0.28,14.7,109.8,0.51,0.133,0.284,19.6,2013,Orlando 2013,0.486,0.49700000000000005,0.601,0.424,0.379,0.39799999999999996,0.363,0.326,0.335,101.4,85.3,0.28300000000000003,0.821,18.7,17.2,105.9,1.9,0.11900000000000001,114.3,1.2,0.525,129.5,0.7,0.235,107.6
30,Charlotte,101.3,0.46299999999999997,0.154,0.295,23.2,111.7,0.528,0.153,0.307,19.9,2013,Charlotte 2013,0.46299999999999997,0.503,0.552,0.33899999999999997,0.384,0.366,0.392,0.33399999999999996,0.34700000000000003,101.3,81.0,0.297,0.79,17.0,15.7,105.0,4.5,0.159,126.7,2.1,0.589,141.7,2.4,0.344,120.4
31,Average,106.7,0.504,0.154,0.282,21.6,106.7,0.504,0.154,0.282,21.6,2014,Average 2014,0.504,0.508,0.608,0.391,0.39799999999999996,0.395,0.39,0.358,0.366,106.7,88.7,0.284,0.804,18.5,16.9,107.0,3.7,0.141,125.4,1.9,0.59,139.4,1.7,0.268,118.2
32,San Antonio,110.6,0.539,0.151,0.25,19.1,102.2,0.484,0.146,0.26,18.2,2014,San Antonio 2014,0.539,0.508,0.649,0.424,0.41,0.41600000000000004,0.40299999999999997,0.39899999999999997,0.4,110.6,94.3,0.247,0.8270000000000001,15.6,13.0,117.7,4.2,0.136,131.0,2.3,0.563,151.0,1.8,0.248,120.3
33,LA Clippers,112.2,0.526,0.14300000000000002,0.27899999999999997,26.1,105.1,0.48700000000000004,0.16,0.302,22.3,2014,LA Clippers 2014,0.526,0.51,0.677,0.39299999999999996,0.415,0.40700000000000003,0.405,0.331,0.354,112.2,92.8,0.287,0.778,18.6,16.5,109.9,5.4,0.175,130.3,3.0,0.643,149.0,2.4,0.332,120.8
34,Oklahoma City,110.8,0.522,0.158,0.28600000000000003,24.7,103.8,0.49,0.158,0.27399999999999997,22.2,2014,Oklahoma City 2014,0.522,0.507,0.635,0.409,0.428,0.42,0.35,0.37200000000000005,0.366,110.8,91.8,0.285,0.789,20.1,17.4,112.6,5.0,0.161,131.4,2.4,0.606,146.8,2.6,0.3,124.4
35,Golden State,107.9,0.523,0.155,0.27,18.6,102.0,0.47700000000000004,0.155,0.264,22.8,2014,Golden State 2014,0.523,0.507,0.621,0.402,0.413,0.40700000000000003,0.409,0.384,0.39,107.9,91.6,0.276,0.799,19.2,18.4,101.4,3.3,0.145,122.8,1.2,0.573,125.1,2.0,0.267,121.1
36,Miami,111.6,0.5589999999999999,0.161,0.23,23.0,105.8,0.513,0.182,0.303,21.4,2014,Miami 2014,0.5589999999999999,0.521,0.6809999999999999,0.46399999999999997,0.41600000000000004,0.435,0.42700000000000005,0.336,0.371,111.6,96.5,0.23399999999999999,0.816,16.9,14.0,118.5,4.1,0.14800000000000002,129.7,2.0,0.57,138.1,2.1,0.278,125.1
37,Indiana,104.4,0.49200000000000005,0.16399999999999998,0.28300000000000003,22.8,99.3,0.46299999999999997,0.14800000000000002,0.265,19.7,2014,Indiana 2014,0.49200000000000005,0.496,0.5920000000000001,0.386,0.424,0.40700000000000003,0.414,0.348,0.366,104.4,88.1,0.284,0.828,17.9,16.5,105.5,2.0,0.11900000000000001,116.2,1.3,0.541,131.4,0.7,0.20800000000000002,108.6
38,Houston,111.0,0.534,0.16699999999999998,0.297,27.7,106.2,0.491,0.14300000000000002,0.289,19.6,2014,Houston 2014,0.5329999999999999,0.532,0.626,0.4,0.36200000000000004,0.38799999999999996,0.38,0.355,0.361,111.0,90.4,0.309,0.764,21.1,18.5,111.1,5.7,0.182,131.2,2.3,0.667,144.4,3.3,0.353,126.0
39,Portland,111.6,0.505,0.141,0.308,22.1,107.3,0.491,0.125,0.27699999999999997,19.2,2014,Portland 2014,0.505,0.504,0.605,0.382,0.41100000000000003,0.39899999999999997,0.382,0.373,0.376,111.6,92.2,0.311,0.802,21.5,19.5,106.5,3.2,0.131,123.8,1.5,0.614,140.2,1.6,0.255,116.4
40,Toronto,108.9,0.501,0.153,0.301,24.0,105.1,0.495,0.161,0.28600000000000003,23.8,2014,Toronto 2014,0.501,0.502,0.606,0.40700000000000003,0.38,0.39299999999999996,0.4,0.371,0.379,108.9,88.9,0.304,0.828,19.9,17.1,113.7,3.8,0.114,133.2,1.8,0.486,150.0,2.0,0.222,126.1
41,Phoenix,109.7,0.524,0.159,0.285,22.3,106.2,0.49700000000000005,0.159,0.29100000000000004,23.6,2014,Phoenix 2014,0.524,0.513,0.626,0.385,0.41600000000000004,0.402,0.409,0.368,0.38,109.7,91.7,0.28300000000000003,0.7609999999999999,18.9,18.2,100.2,4.8,0.183,125.1,2.4,0.6729999999999999,138.2,2.4,0.366,119.1
42,Minnesota,109.2,0.49,0.141,0.307,25.4,106.0,0.521,0.16899999999999998,0.275,17.7,2014,Minnesota 2014,0.49,0.515,0.599,0.381,0.349,0.364,0.336,0.35100000000000003,0.34700000000000003,109.2,87.5,0.316,0.7759999999999999,23.1,20.3,110.3,4.8,0.158,129.4,2.6,0.6509999999999999,142.5,2.1,0.293,120.5
43,Chicago,103.3,0.47600000000000003,0.16399999999999998,0.309,22.8,100.1,0.47200000000000003,0.159,0.27399999999999997,18.9,2014,Chicago 2014,0.47600000000000003,0.506,0.564,0.348,0.391,0.375,0.38,0.355,0.361,103.3,83.6,0.308,0.8140000000000001,20.7,19.0,105.7,3.5,0.11599999999999999,131.3,1.7,0.53,137.2,1.8,0.196,127.6
44,Memphis,106.6,0.496,0.152,0.315,18.5,104.3,0.498,0.157,0.267,20.0,2014,Memphis 2014,0.496,0.49700000000000005,0.607,0.409,0.4,0.405,0.361,0.36200000000000004,0.36200000000000004,106.6,87.2,0.313,0.8240000000000001,19.4,18.6,100.7,3.7,0.113,132.7,2.1,0.522,146.2,1.6,0.19399999999999998,122.1
45,Dallas,110.7,0.528,0.142,0.262,20.3,108.4,0.518,0.168,0.295,23.2,2014,Dallas 2014,0.528,0.501,0.635,0.414,0.43,0.42200000000000004,0.425,0.379,0.389,110.7,94.9,0.26899999999999996,0.8320000000000001,17.0,15.2,109.5,3.5,0.11199999999999999,130.6,1.8,0.527,137.7,1.6,0.19,125.6
46,Washington,106.0,0.509,0.154,0.273,18.4,104.6,0.506,0.16899999999999998,0.272,22.0,2014,Washington 2014,0.509,0.504,0.643,0.379,0.379,0.379,0.39899999999999997,0.382,0.387,106.0,86.4,0.282,0.807,15.8,13.6,114.1,5.0,0.152,132.9,2.5,0.619,147.3,2.5,0.28800000000000003,125.9
47,Charlotte,103.9,0.48200000000000004,0.133,0.255,22.1,104.2,0.49200000000000005,0.14300000000000002,0.257,18.5,2014,Charlotte 2014,0.48200000000000004,0.501,0.585,0.41700000000000004,0.37,0.38799999999999996,0.375,0.35200000000000004,0.35700000000000004,103.9,87.8,0.258,0.8390000000000001,14.4,12.5,112.4,2.6,0.114,119.5,1.5,0.589,135.5,1.0,0.204,110.9
48,Brooklyn,106.9,0.517,0.156,0.244,23.7,107.4,0.51,0.171,0.3,23.5,2014,Brooklyn 2014,0.517,0.506,0.605,0.428,0.409,0.418,0.40299999999999997,0.371,0.38,106.9,93.0,0.251,0.8420000000000001,13.8,13.6,99.5,2.5,0.113,120.6,1.8,0.48,138.0,0.6,0.207,108.0
49,Atlanta,105.8,0.516,0.161,0.244,20.7,106.4,0.513,0.16,0.278,19.9,2014,Atlanta 2014,0.516,0.511,0.616,0.415,0.40700000000000003,0.41100000000000003,0.391,0.35700000000000004,0.366,105.8,90.0,0.24600000000000002,0.8170000000000001,14.7,12.5,116.0,3.3,0.141,122.7,1.7,0.55,132.9,1.5,0.272,116.8
50,New York,107.9,0.509,0.142,0.273,18.9,109.0,0.517,0.159,0.28300000000000003,24.3,2014,New York 2014,0.509,0.506,0.595,0.384,0.413,0.40399999999999997,0.397,0.379,0.38299999999999995,107.9,91.2,0.276,0.8220000000000001,19.0,16.7,110.9,2.4,0.122,118.7,1.6,0.599,129.4,0.8,0.21100000000000002,112.4
51,Denver,106.0,0.5,0.162,0.299,22.1,108.0,0.501,0.145,0.285,23.1,2014,Denver 2014,0.5,0.517,0.609,0.34700000000000003,0.374,0.361,0.42100000000000004,0.345,0.364,106.0,86.5,0.305,0.772,18.8,18.3,100.0,4.5,0.171,125.3,2.2,0.625,146.0,2.2,0.358,117.3
52,Cleveland,104.8,0.483,0.15,0.302,20.3,107.8,0.509,0.147,0.275,19.9,2014,Cleveland 2014,0.483,0.5,0.56,0.395,0.402,0.39899999999999997,0.38,0.366,0.37,104.8,86.6,0.307,0.816,15.8,16.8,91.6,3.5,0.128,125.1,1.5,0.5429999999999999,137.0,1.8,0.244,118.6
53,New Orleans,107.1,0.499,0.14800000000000002,0.29,21.9,110.2,0.518,0.155,0.29100000000000004,25.1,2014,New Orleans 2014,0.499,0.51,0.569,0.389,0.41200000000000003,0.401,0.375,0.391,0.387,107.1,88.8,0.285,0.8079999999999999,20.9,17.9,113.0,3.6,0.129,126.2,1.7,0.54,133.1,2.0,0.249,123.8
54,Sacramento,105.6,0.485,0.161,0.307,25.4,109.3,0.518,0.14300000000000002,0.261,23.6,2014,Sacramento 2014,0.485,0.498,0.621,0.384,0.391,0.387,0.36200000000000004,0.33,0.337,105.6,85.7,0.31,0.799,22.9,20.2,109.1,3.4,0.136,124.8,1.9,0.629,137.0,1.5,0.255,118.2
55,Detroit,106.2,0.486,0.153,0.335,19.9,110.3,0.523,0.155,0.294,21.9,2014,Detroit 2014,0.486,0.519,0.611,0.35200000000000004,0.35200000000000004,0.35200000000000004,0.396,0.304,0.32899999999999996,106.2,84.0,0.336,0.757,23.6,22.6,100.1,4.3,0.172,124.0,2.4,0.68,139.8,1.9,0.33799999999999997,115.0
56,Boston,102.3,0.47700000000000004,0.16399999999999998,0.304,19.1,107.9,0.508,0.151,0.282,23.0,2014,Boston 2014,0.47700000000000004,0.503,0.581,0.361,0.413,0.39299999999999996,0.384,0.318,0.335,102.3,83.7,0.299,0.805,18.7,17.2,106.3,2.9,0.138,117.2,1.6,0.573,131.9,1.4,0.281,110.9
57,Orlando,101.8,0.489,0.158,0.253,19.1,107.8,0.506,0.146,0.275,20.9,2014,Orlando 2014,0.489,0.501,0.581,0.39299999999999996,0.408,0.402,0.36,0.36,0.36,101.8,86.1,0.252,0.8170000000000001,16.9,15.1,109.2,2.4,0.129,117.8,1.4,0.568,129.6,1.0,0.237,111.6
58,LA Lakers,104.0,0.506,0.152,0.226,19.8,110.8,0.515,0.142,0.31,19.2,2014,LA Lakers 2014,0.506,0.505,0.613,0.385,0.381,0.38299999999999995,0.40700000000000003,0.379,0.386,104.0,89.6,0.228,0.813,14.9,13.9,105.1,3.1,0.14,123.1,1.9,0.628,140.7,1.3,0.27699999999999997,114.9
59,Utah,102.9,0.48700000000000004,0.159,0.28,20.1,112.2,0.523,0.136,0.27699999999999997,23.0,2014,Utah 2014,0.48700000000000004,0.504,0.62,0.373,0.37,0.371,0.39399999999999996,0.33799999999999997,0.35200000000000004,102.9,84.2,0.282,0.8170000000000001,19.6,16.4,116.4,3.3,0.124,126.6,1.6,0.595,138.6,1.7,0.235,120.4
60,Milwaukee,101.9,0.48,0.163,0.3,20.2,112.0,0.524,0.153,0.306,22.8,2014,Milwaukee 2014,0.48,0.509,0.563,0.364,0.392,0.38,0.365,0.35600000000000004,0.358,101.9,83.7,0.3,0.8009999999999999,18.1,17.8,98.5,3.3,0.139,121.9,1.8,0.628,139.9,1.5,0.294,113.4
61,Philadelphia,99.4,0.47700000000000004,0.16899999999999998,0.28,18.6,111.1,0.529,0.16899999999999998,0.304,24.9,2014,Philadelphia 2014,0.478,0.524,0.568,0.365,0.376,0.37,0.33,0.316,0.319,99.4,82.0,0.272,0.762,18.3,17.6,100.7,3.0,0.182,115.5,2.4,0.6709999999999999,140.1,0.6,0.377,103.0
62,Average,105.8,0.498,0.152,0.28,20.6,105.8,0.498,0.152,0.28,20.6,2015,Average 2015,0.498,0.503,0.6,0.392,0.39799999999999996,0.395,0.386,0.34600000000000003,0.35700000000000004,105.8,88.0,0.284,0.805,18.5,16.7,107.5,3.4,0.14,123.4,1.8,0.575,137.4,1.5,0.262,116.4
63,Golden State,112.5,0.546,0.146,0.261,18.2,100.4,0.469,0.165,0.284,21.7,2015,Golden State 2015,0.546,0.506,0.6509999999999999,0.39899999999999997,0.405,0.402,0.45399999999999996,0.39299999999999996,0.40700000000000003,112.5,94.6,0.267,0.767,18.9,17.3,106.2,5.4,0.183,130.6,2.4,0.624,140.2,2.9,0.33299999999999996,126.5
64,LA Clippers,113.2,0.536,0.128,0.262,21.9,105.4,0.49700000000000005,0.151,0.26899999999999996,22.9,2015,LA Clippers 2015,0.536,0.5,0.653,0.42200000000000004,0.442,0.435,0.391,0.373,0.37799999999999995,113.2,95.5,0.278,0.799,18.9,16.2,114.6,3.8,0.14800000000000002,126.6,1.5,0.536,134.3,2.1,0.276,122.8
65,San Antonio,108.8,0.522,0.14800000000000002,0.258,20.2,101.8,0.486,0.152,0.259,19.3,2015,San Antonio 2015,0.522,0.5,0.622,0.445,0.39899999999999997,0.425,0.425,0.35100000000000003,0.374,108.8,95.2,0.263,0.836,13.5,13.0,102.7,1.9,0.12300000000000001,113.3,1.4,0.498,126.5,0.6,0.21899999999999997,106.3
66,Atlanta,109.4,0.53,0.15,0.252,20.3,103.2,0.495,0.171,0.28800000000000003,18.5,2015,Atlanta 2015,0.53,0.51,0.606,0.396,0.43799999999999994,0.41700000000000004,0.429,0.37,0.387,109.4,93.0,0.257,0.813,14.8,12.8,113.1,3.7,0.147,125.1,2.1,0.58,139.0,1.5,0.255,117.0
67,Cleveland,111.4,0.522,0.153,0.301,21.8,106.0,0.504,0.145,0.27399999999999997,17.6,2015,Cleveland 2015,0.522,0.512,0.618,0.37200000000000005,0.42700000000000005,0.39799999999999996,0.374,0.37200000000000005,0.373,111.4,92.6,0.316,0.802,18.6,17.7,102.2,3.9,0.145,126.4,2.0,0.579,141.1,1.9,0.27899999999999997,119.0
68,Portland,108.9,0.512,0.142,0.27,18.3,104.2,0.48,0.127,0.261,18.0,2015,Portland 2015,0.512,0.499,0.623,0.415,0.402,0.408,0.38799999999999996,0.359,0.36700000000000005,108.9,92.1,0.275,0.8140000000000001,20.2,16.9,116.5,1.9,0.13,113.9,1.4,0.594,134.0,0.5,0.23800000000000002,104.7
69,Houston,107.6,0.516,0.171,0.294,22.5,103.7,0.49,0.16899999999999998,0.302,20.8,2015,Houston 2015,0.516,0.525,0.603,0.4,0.32799999999999996,0.376,0.395,0.33399999999999996,0.355,107.6,88.5,0.287,0.759,16.7,16.4,99.2,4.9,0.193,121.7,2.7,0.669,137.1,2.2,0.371,114.0
70,Memphis,105.9,0.491,0.14300000000000002,0.27699999999999997,21.4,102.1,0.494,0.16399999999999998,0.27,18.4,2015,Memphis 2015,0.491,0.494,0.609,0.40700000000000003,0.389,0.39799999999999996,0.387,0.33299999999999996,0.348,105.9,88.4,0.275,0.821,17.2,15.9,105.7,3.5,0.12,128.8,2.1,0.536,139.5,1.3,0.19899999999999998,119.8
71,Toronto,111.3,0.511,0.138,0.28600000000000003,23.2,107.8,0.508,0.156,0.3,20.8,2015,Toronto 2015,0.511,0.5,0.622,0.43700000000000006,0.387,0.413,0.40399999999999997,0.337,0.35600000000000004,111.3,93.3,0.3,0.818,20.2,16.9,116.5,2.9,0.13,122.2,1.6,0.545,132.9,1.3,0.252,116.5
72,Chicago,107.5,0.491,0.149,0.299,23.9,104.4,0.47600000000000003,0.129,0.281,18.1,2015,Chicago 2015,0.491,0.507,0.56,0.39799999999999996,0.392,0.395,0.39399999999999996,0.35,0.36,107.5,88.8,0.298,0.805,20.5,18.8,105.5,3.5,0.12300000000000001,127.9,1.6,0.574,139.8,1.9,0.23,122.4
73,Oklahoma City,107.9,0.495,0.153,0.314,21.7,105.0,0.489,0.142,0.264,21.4,2015,Oklahoma City 2015,0.495,0.505,0.589,0.408,0.39399999999999996,0.4,0.386,0.332,0.34600000000000003,107.9,86.7,0.314,0.772,21.3,19.7,104.8,4.6,0.16699999999999998,127.2,2.1,0.596,145.4,2.5,0.324,121.0
74,Dallas,109.2,0.515,0.135,0.26,19.9,106.3,0.507,0.16899999999999998,0.306,20.5,2015,Dallas 2015,0.515,0.504,0.628,0.39899999999999997,0.42,0.41100000000000003,0.387,0.344,0.354,109.2,92.0,0.26,0.8059999999999999,17.4,15.0,113.3,3.7,0.14400000000000002,124.0,2.0,0.5760000000000001,139.1,1.4,0.273,113.4
75,New Orleans,108.3,0.503,0.14300000000000002,0.298,19.8,107.5,0.499,0.132,0.27399999999999997,19.6,2015,New Orleans 2015,0.503,0.511,0.565,0.402,0.39899999999999997,0.4,0.41,0.364,0.376,108.3,90.7,0.31,0.816,19.4,18.1,105.1,2.6,0.122,120.4,1.6,0.551,139.6,1.1,0.233,111.3
76,Milwaukee,102.9,0.501,0.175,0.27899999999999997,19.5,102.2,0.49,0.182,0.298,22.5,2015,Milwaukee 2015,0.501,0.506,0.586,0.38299999999999995,0.406,0.397,0.39799999999999996,0.358,0.37200000000000005,102.9,85.2,0.275,0.7979999999999999,16.5,16.0,100.4,4.1,0.158,126.2,2.7,0.632,142.4,1.3,0.272,115.2
77,Washington,104.2,0.501,0.159,0.275,19.3,103.6,0.485,0.14800000000000002,0.265,20.6,2015,Washington 2015,0.501,0.493,0.636,0.39,0.395,0.39299999999999996,0.371,0.366,0.368,104.2,86.2,0.28800000000000003,0.8,15.5,14.7,103.4,4.3,0.157,127.9,1.7,0.58,137.1,2.6,0.304,124.6
78,Indiana,103.8,0.486,0.149,0.27399999999999997,20.3,103.4,0.48100000000000004,0.136,0.253,21.8,2015,Indiana 2015,0.486,0.491,0.5760000000000001,0.397,0.41200000000000003,0.406,0.381,0.35,0.359,103.8,86.4,0.278,0.831,16.8,15.3,107.2,2.9,0.11800000000000001,126.5,1.2,0.504,135.2,1.8,0.22699999999999998,124.1
79,Utah,105.5,0.496,0.17,0.319,21.7,105.6,0.495,0.14400000000000002,0.272,19.9,2015,Utah 2015,0.496,0.508,0.627,0.354,0.368,0.361,0.374,0.341,0.35,105.5,84.1,0.327,0.8109999999999999,23.9,19.4,119.6,3.7,0.122,130.5,2.0,0.573,140.2,1.7,0.207,123.5
80,Boston,104.8,0.491,0.142,0.276,17.6,105.0,0.49700000000000005,0.156,0.278,20.9,2015,Boston 2015,0.491,0.501,0.598,0.39299999999999996,0.414,0.406,0.37200000000000005,0.321,0.332,104.8,86.7,0.27399999999999997,0.794,19.2,16.7,111.8,3.0,0.149,118.6,1.5,0.596,126.3,1.5,0.27699999999999997,114.2
81,Phoenix,105.5,0.506,0.156,0.264,19.3,105.7,0.499,0.16,0.29,22.2,2015,Phoenix 2015,0.506,0.505,0.622,0.392,0.401,0.397,0.36200000000000004,0.344,0.35,105.5,87.5,0.272,0.763,17.9,16.5,105.8,4.4,0.184,123.7,2.7,0.665,144.1,1.8,0.36200000000000004,114.8
82,Detroit,105.1,0.483,0.14300000000000002,0.303,18.5,106.8,0.505,0.149,0.275,19.4,2015,Detroit 2015,0.483,0.512,0.569,0.34600000000000003,0.391,0.366,0.384,0.336,0.348,105.1,84.6,0.311,0.782,21.8,19.6,108.0,3.9,0.149,126.2,1.6,0.595,130.6,2.4,0.289,124.5
83,Miami,104.3,0.503,0.163,0.267,22.8,106.9,0.508,0.163,0.299,21.5,2015,Miami 2015,0.503,0.502,0.615,0.42,0.4,0.409,0.376,0.32899999999999996,0.345,104.3,88.2,0.27699999999999997,0.826,17.2,14.9,113.1,3.0,0.122,123.2,1.7,0.54,132.5,1.4,0.222,117.4
84,Brooklyn,104.6,0.494,0.147,0.265,19.9,107.4,0.508,0.147,0.284,18.6,2015,Brooklyn 2015,0.494,0.495,0.591,0.43799999999999994,0.402,0.42200000000000004,0.37799999999999995,0.32299999999999995,0.34,104.6,89.2,0.26899999999999996,0.8320000000000001,17.0,16.3,101.7,2.2,0.111,119.9,1.0,0.519,125.3,1.2,0.20199999999999999,117.9
85,Charlotte,100.8,0.45899999999999996,0.125,0.257,20.3,103.6,0.488,0.134,0.24,19.0,2015,Charlotte 2015,0.45899999999999996,0.489,0.551,0.389,0.392,0.391,0.39,0.312,0.327,100.8,85.0,0.259,0.8440000000000001,14.2,13.2,105.3,2.2,0.10300000000000001,117.3,1.2,0.478,133.0,1.0,0.192,110.7
86,Denver,104.6,0.484,0.146,0.29,20.3,108.7,0.507,0.147,0.285,23.9,2015,Denver 2015,0.484,0.508,0.59,0.359,0.39299999999999996,0.377,0.344,0.331,0.33399999999999996,104.6,85.2,0.29,0.7759999999999999,20.2,18.8,104.2,4.1,0.165,124.0,2.3,0.659,142.7,1.6,0.325,114.3
87,Sacramento,104.9,0.491,0.17,0.299,27.8,109.3,0.509,0.135,0.273,20.2,2015,Sacramento 2015,0.491,0.503,0.603,0.366,0.40299999999999997,0.385,0.369,0.342,0.35100000000000003,104.9,86.0,0.302,0.7959999999999999,21.9,19.4,108.7,3.5,0.141,125.9,1.9,0.61,144.9,1.7,0.27699999999999997,118.1
88,Orlando,101.7,0.496,0.158,0.256,16.9,108.2,0.516,0.153,0.271,21.3,2015,Orlando 2015,0.496,0.503,0.59,0.39299999999999996,0.408,0.401,0.369,0.34600000000000003,0.353,101.7,85.5,0.256,0.825,19.5,17.1,110.8,2.7,0.115,124.1,2.0,0.5489999999999999,141.7,0.8,0.19899999999999998,112.3
89,LA Lakers,102.5,0.47200000000000003,0.14,0.27699999999999997,20.0,111.2,0.521,0.135,0.26899999999999996,23.3,2015,LA Lakers 2015,0.47200000000000003,0.49200000000000005,0.607,0.371,0.36200000000000004,0.366,0.39,0.33399999999999996,0.345,102.5,83.7,0.282,0.813,19.9,17.6,110.2,3.1,0.125,124.5,2.4,0.562,153.3,0.8,0.24,110.6
90,Philadelphia,95.6,0.461,0.184,0.281,19.4,105.6,0.501,0.174,0.302,22.9,2015,Philadelphia 2015,0.461,0.518,0.5589999999999999,0.309,0.33,0.319,0.348,0.32299999999999995,0.32799999999999996,95.6,77.0,0.281,0.79,18.1,17.3,101.7,2.7,0.156,116.0,1.9,0.561,131.6,1.0,0.302,108.8
91,Minnesota,102.0,0.467,0.158,0.297,24.0,112.7,0.539,0.158,0.307,18.8,2015,Minnesota 2015,0.467,0.49,0.596,0.365,0.379,0.373,0.36,0.332,0.33799999999999997,102.0,83.3,0.3,0.8009999999999999,19.6,18.0,105.2,3.0,0.138,121.3,1.9,0.604,135.3,1.1,0.271,113.2
92,New York,99.6,0.473,0.161,0.272,17.9,110.6,0.515,0.151,0.3,23.7,2015,New York 2015,0.473,0.489,0.5589999999999999,0.373,0.40700000000000003,0.395,0.354,0.35700000000000004,0.35700000000000004,99.6,84.3,0.27399999999999997,0.8440000000000001,16.2,15.3,103.1,1.3,0.10400000000000001,111.1,1.0,0.47600000000000003,126.6,0.3,0.201,102.2
93,Average,106.6,0.505,0.149,0.266,21.0,106.6,0.505,0.149,0.266,21.0,2016,Average 2016,0.505,0.509,0.603,0.39899999999999997,0.401,0.4,0.377,0.354,0.36,106.6,89.8,0.27,0.8109999999999999,17.4,15.9,106.6,3.1,0.13699999999999998,123.3,1.7,0.5579999999999999,137.7,1.3,0.254,116.0
94,San Antonio,110.6,0.529,0.14,0.251,19.8,98.9,0.48,0.159,0.242,18.2,2016,San Antonio 2016,0.529,0.493,0.649,0.445,0.429,0.436,0.382,0.386,0.385,110.6,96.1,0.256,0.845,17.5,14.6,118.3,1.9,0.111,118.3,1.2,0.429,132.3,0.8,0.193,111.0
95,Golden State,114.9,0.565,0.151,0.255,19.1,103.2,0.48,0.145,0.267,20.6,2016,Golden State 2016,0.565,0.52,0.639,0.392,0.428,0.41,0.41700000000000004,0.42100000000000004,0.42,114.9,100.2,0.255,0.785,16.8,16.2,100.4,3.8,0.17,124.5,1.4,0.5710000000000001,130.5,2.3,0.318,121.8
96,Oklahoma City,113.8,0.528,0.162,0.337,23.4,105.7,0.48700000000000004,0.134,0.26899999999999996,20.3,2016,Oklahoma City 2016,0.528,0.515,0.608,0.449,0.441,0.444,0.35700000000000004,0.358,0.35700000000000004,113.8,92.4,0.345,0.78,21.8,19.7,107.0,4.8,0.166,128.8,1.9,0.61,139.5,3.1,0.32,126.4
97,Cleveland,112.0,0.528,0.14400000000000002,0.28300000000000003,19.4,104.6,0.499,0.142,0.243,20.3,2016,Cleveland 2016,0.528,0.513,0.639,0.39799999999999996,0.431,0.413,0.391,0.355,0.365,112.0,93.6,0.299,0.82,15.7,15.0,102.7,3.8,0.13699999999999998,129.3,2.2,0.539,156.9,1.6,0.264,117.4
98,Toronto,110.4,0.507,0.141,0.28600000000000003,25.4,105.4,0.499,0.142,0.253,20.2,2016,Toronto 2016,0.508,0.508,0.596,0.402,0.382,0.39299999999999996,0.409,0.364,0.37799999999999995,110.4,92.8,0.29600000000000004,0.8290000000000001,15.5,15.8,95.8,3.7,0.114,131.2,2.2,0.519,150.8,1.4,0.193,118.1
99,LA Clippers,108.5,0.527,0.134,0.22399999999999998,22.4,103.7,0.483,0.159,0.29100000000000004,22.3,2016,LA Clippers 2016,0.527,0.504,0.654,0.41200000000000003,0.42,0.41700000000000004,0.41700000000000004,0.355,0.371,108.5,94.6,0.23800000000000002,0.812,14.2,13.4,104.5,2.4,0.136,118.0,1.1,0.515,121.3,1.2,0.242,116.3
100,Atlanta,105.3,0.518,0.154,0.222,18.8,102.1,0.48200000000000004,0.16699999999999998,0.29100000000000004,19.5,2016,Atlanta 2016,0.518,0.52,0.6,0.39,0.428,0.41,0.361,0.35200000000000004,0.354,105.3,90.2,0.225,0.813,12.3,11.5,105.1,3.9,0.151,127.5,2.3,0.54,146.1,1.6,0.276,118.5
101,Boston,106.8,0.491,0.138,0.278,20.7,103.8,0.491,0.16699999999999998,0.281,23.4,2016,Boston 2016,0.49200000000000005,0.513,0.603,0.36700000000000005,0.38,0.374,0.349,0.336,0.33899999999999997,106.8,88.1,0.281,0.7829999999999999,18.0,16.7,105.3,4.0,0.163,126.4,2.3,0.608,140.5,1.7,0.307,118.5
102,Charlotte,107.6,0.502,0.13,0.23,22.0,104.6,0.49700000000000005,0.139,0.23399999999999999,19.2,2016,Charlotte 2016,0.502,0.51,0.583,0.396,0.397,0.397,0.40700000000000003,0.35200000000000004,0.36200000000000004,107.6,91.5,0.235,0.8320000000000001,14.5,13.3,107.0,3.6,0.11900000000000001,131.8,1.8,0.515,143.8,1.8,0.214,126.1
103,Miami,106.6,0.507,0.15,0.268,21.1,104.3,0.488,0.138,0.257,19.6,2016,Miami 2016,0.507,0.503,0.652,0.39799999999999996,0.401,0.39899999999999997,0.35100000000000003,0.331,0.33899999999999997,106.6,90.1,0.275,0.816,19.5,17.0,112.3,3.0,0.125,125.1,1.6,0.5379999999999999,141.6,1.4,0.231,117.1
104,Indiana,104.7,0.498,0.152,0.258,20.7,102.9,0.49200000000000005,0.163,0.273,20.7,2016,Indiana 2016,0.49700000000000005,0.502,0.615,0.42100000000000004,0.374,0.392,0.39299999999999996,0.342,0.35700000000000004,104.7,86.9,0.265,0.809,17.6,14.8,116.6,3.3,0.14400000000000002,124.2,2.2,0.59,141.0,1.0,0.247,112.1
105,Utah,106.0,0.504,0.162,0.28800000000000003,21.3,104.3,0.498,0.151,0.255,21.0,2016,Utah 2016,0.504,0.511,0.603,0.396,0.389,0.39299999999999996,0.395,0.344,0.361,106.0,88.8,0.305,0.8440000000000001,18.1,15.8,112.0,2.0,0.10300000000000001,121.6,1.8,0.537,141.4,0.2,0.156,105.0
106,Detroit,106.7,0.496,0.141,0.29600000000000004,19.8,105.3,0.504,0.14,0.237,19.6,2016,Detroit 2016,0.496,0.51,0.588,0.38299999999999995,0.40299999999999997,0.391,0.36700000000000005,0.35100000000000003,0.35600000000000004,106.7,88.1,0.298,0.794,20.6,19.2,103.4,2.7,0.13699999999999998,119.4,1.0,0.51,126.0,1.7,0.276,116.3
107,Portland,109.0,0.515,0.151,0.28300000000000003,20.3,108.1,0.506,0.136,0.26,22.5,2016,Portland 2016,0.516,0.514,0.578,0.395,0.426,0.413,0.39399999999999996,0.37200000000000005,0.37799999999999995,109.0,91.4,0.287,0.813,19.5,17.2,110.7,2.9,0.13,122.3,1.6,0.573,139.6,1.2,0.24600000000000002,114.0
108,Houston,108.5,0.52,0.163,0.28300000000000003,24.5,108.3,0.518,0.16899999999999998,0.29600000000000004,21.8,2016,Houston 2016,0.52,0.529,0.611,0.38,0.386,0.382,0.358,0.353,0.355,108.5,88.6,0.29600000000000004,0.7609999999999999,20.7,18.4,109.6,4.9,0.184,126.5,2.3,0.637,134.9,2.6,0.355,122.7
109,Dallas,106.9,0.507,0.133,0.226,20.9,107.1,0.507,0.146,0.266,19.8,2016,Dallas 2016,0.507,0.504,0.621,0.40299999999999997,0.413,0.408,0.39799999999999996,0.341,0.354,106.9,92.9,0.23399999999999999,0.85,13.0,12.8,100.0,2.4,0.102,124.7,1.3,0.475,134.6,1.1,0.182,119.0
110,Washington,105.7,0.515,0.147,0.23600000000000002,19.2,106.1,0.518,0.165,0.252,21.7,2016,Washington 2016,0.515,0.507,0.624,0.42,0.40299999999999997,0.41,0.381,0.359,0.365,105.7,90.5,0.22899999999999998,0.794,12.8,12.3,102.0,3.9,0.17,122.1,1.7,0.626,130.6,2.2,0.32899999999999996,119.1
111,Orlando,105.8,0.506,0.145,0.26,17.3,107.0,0.516,0.156,0.259,21.7,2016,Orlando 2016,0.506,0.503,0.602,0.409,0.415,0.413,0.37200000000000005,0.359,0.363,105.8,89.4,0.257,0.8079999999999999,17.6,16.5,103.8,3.4,0.133,126.0,2.3,0.5489999999999999,147.4,1.2,0.244,114.0
112,Chicago,105.1,0.488,0.14400000000000002,0.27699999999999997,19.2,106.8,0.489,0.12300000000000001,0.275,18.2,2016,Chicago 2016,0.488,0.503,0.555,0.384,0.40399999999999997,0.395,0.396,0.37200000000000005,0.37799999999999995,105.1,88.9,0.281,0.8240000000000001,18.3,17.3,102.6,1.8,0.114,117.8,1.0,0.496,131.6,0.8,0.222,111.8
113,Memphis,105.8,0.48,0.142,0.285,23.4,107.6,0.521,0.17300000000000001,0.276,25.0,2016,Memphis 2016,0.48,0.506,0.564,0.392,0.401,0.396,0.32,0.35,0.341,105.8,87.3,0.285,0.813,20.1,18.4,105.4,2.7,0.121,123.1,1.8,0.53,138.2,0.9,0.20800000000000002,112.6
114,New York,105.1,0.488,0.14300000000000002,0.268,20.7,107.5,0.49,0.11900000000000001,0.265,20.3,2016,New York 2016,0.488,0.495,0.573,0.41600000000000004,0.413,0.414,0.40399999999999997,0.33899999999999997,0.355,105.1,88.7,0.271,0.8240000000000001,19.1,16.4,113.8,1.7,0.121,114.7,0.8,0.514,123.9,1.0,0.24100000000000002,111.6
115,Sacramento,105.7,0.511,0.16,0.26899999999999996,21.5,108.4,0.524,0.159,0.26899999999999996,20.2,2016,Sacramento 2016,0.511,0.511,0.625,0.379,0.39399999999999996,0.387,0.414,0.34700000000000003,0.363,105.7,89.4,0.266,0.7829999999999999,18.8,17.1,106.3,2.8,0.163,117.8,1.5,0.607,128.0,1.3,0.309,113.0
116,Milwaukee,104.9,0.503,0.16,0.275,20.8,108.7,0.513,0.162,0.298,22.4,2016,Milwaukee 2016,0.503,0.513,0.603,0.4,0.384,0.392,0.358,0.355,0.35600000000000004,104.9,86.7,0.27899999999999997,0.8059999999999999,19.5,17.5,108.1,3.6,0.142,128.2,2.5,0.611,151.9,1.0,0.26,113.4
117,Denver,105.6,0.49,0.153,0.29100000000000004,21.7,109.5,0.521,0.14,0.253,21.7,2016,Denver 2016,0.49,0.52,0.568,0.374,0.392,0.384,0.34299999999999997,0.34299999999999997,0.34299999999999997,105.6,87.1,0.3,0.8009999999999999,18.1,17.5,100.3,3.4,0.145,124.0,2.1,0.619,146.8,1.3,0.27899999999999997,112.6
118,Minnesota,106.2,0.498,0.157,0.267,26.2,110.2,0.527,0.155,0.28600000000000003,20.1,2016,Minnesota 2016,0.498,0.499,0.637,0.405,0.38799999999999996,0.395,0.391,0.33,0.344,106.2,88.8,0.276,0.815,19.3,16.0,118.3,3.0,0.135,123.9,1.7,0.5660000000000001,138.2,1.4,0.258,116.7
119,New Orleans,105.5,0.5,0.138,0.24,20.3,109.5,0.525,0.141,0.23600000000000002,22.5,2016,New Orleans 2016,0.5,0.509,0.578,0.382,0.42200000000000004,0.405,0.32899999999999996,0.374,0.363,105.5,90.3,0.24100000000000002,0.831,15.0,13.9,105.6,2.6,0.12300000000000001,122.2,1.5,0.537,135.8,1.0,0.228,113.9
120,Phoenix,102.0,0.49,0.175,0.284,20.3,109.4,0.525,0.151,0.256,24.0,2016,Phoenix 2016,0.49,0.512,0.586,0.375,0.36200000000000004,0.368,0.36200000000000004,0.354,0.35600000000000004,102.0,83.8,0.28,0.794,20.1,17.8,109.0,2.9,0.14800000000000002,120.8,1.9,0.602,140.1,1.0,0.285,110.7
121,Brooklyn,103.0,0.493,0.155,0.267,18.6,111.6,0.5379999999999999,0.147,0.267,17.8,2016,Brooklyn 2016,0.493,0.498,0.589,0.424,0.392,0.409,0.385,0.345,0.358,103.0,87.6,0.261,0.82,17.6,17.1,100.3,2.4,0.12,121.4,1.4,0.565,130.4,1.0,0.218,115.0
122,LA Lakers,101.5,0.46399999999999997,0.142,0.257,22.7,112.7,0.527,0.131,0.276,20.7,2016,LA Lakers 2016,0.46299999999999997,0.501,0.563,0.406,0.36,0.381,0.327,0.324,0.324,101.5,85.4,0.259,0.82,14.8,13.9,104.3,2.1,0.129,116.7,1.6,0.545,138.6,0.6,0.256,107.2
123,Philadelphia,98.6,0.48700000000000004,0.16899999999999998,0.23600000000000002,18.5,110.4,0.512,0.155,0.297,24.4,2016,Philadelphia 2016,0.48700000000000004,0.52,0.59,0.354,0.35,0.353,0.374,0.33,0.341,98.6,83.7,0.243,0.82,16.2,14.5,109.3,2.0,0.132,117.2,1.2,0.5660000000000001,125.6,0.8,0.253,112.7
124,Average,109.0,0.517,0.14400000000000002,0.262,21.0,109.0,0.517,0.14400000000000002,0.262,21.0,2017,Average 2017,0.517,0.52,0.61,0.41200000000000003,0.40700000000000003,0.409,0.387,0.35600000000000004,0.364,109.0,92.6,0.266,0.799,17.7,15.9,108.8,3.0,0.152,121.9,1.5,0.5670000000000001,135.1,1.5,0.298,116.4
125,Golden State,116.8,0.5720000000000001,0.145,0.253,20.7,104.0,0.49,0.158,0.276,20.1,2017,Golden State 2017,0.5720000000000001,0.527,0.672,0.42700000000000005,0.45399999999999996,0.442,0.41200000000000003,0.389,0.39399999999999996,116.8,100.6,0.253,0.76,17.4,15.3,110.6,5.4,0.19899999999999998,128.9,2.1,0.59,137.6,3.2,0.39399999999999996,125.1
126,San Antonio,111.7,0.527,0.141,0.272,21.1,104.0,0.496,0.152,0.257,19.3,2017,San Antonio 2017,0.527,0.506,0.622,0.41700000000000004,0.43200000000000005,0.425,0.42700000000000005,0.386,0.39799999999999996,111.7,94.8,0.27399999999999997,0.8109999999999999,18.1,15.5,114.0,3.4,0.139,127.0,1.6,0.49200000000000005,141.3,1.7,0.265,120.3
127,Houston,115.0,0.546,0.15,0.26899999999999996,23.8,109.1,0.523,0.151,0.27,19.3,2017,Houston 2017,0.546,0.544,0.644,0.37,0.377,0.373,0.385,0.35200000000000004,0.359,115.0,97.9,0.27899999999999997,0.77,18.3,16.3,109.9,4.3,0.182,125.1,1.7,0.59,133.9,2.6,0.37799999999999995,122.9
128,LA Clippers,112.6,0.539,0.133,0.244,23.5,108.2,0.507,0.139,0.257,21.2,2017,LA Clippers 2017,0.539,0.519,0.637,0.408,0.43799999999999994,0.42700000000000005,0.40299999999999997,0.374,0.381,112.6,96.6,0.258,0.7929999999999999,16.7,14.9,110.3,4.1,0.163,128.6,1.4,0.547,134.0,2.6,0.321,126.3
129,Toronto,112.5,0.519,0.133,0.27699999999999997,23.7,108.2,0.51,0.153,0.273,22.4,2017,Toronto 2017,0.519,0.511,0.618,0.44,0.41600000000000004,0.428,0.382,0.361,0.36700000000000005,112.5,95.3,0.282,0.805,17.5,16.5,102.6,3.8,0.145,128.3,1.5,0.546,135.1,2.3,0.27,125.6
130,Cleveland,114.2,0.551,0.14,0.255,20.7,110.2,0.518,0.129,0.263,17.1,2017,Cleveland 2017,0.551,0.529,0.652,0.382,0.44,0.41200000000000003,0.408,0.375,0.385,114.2,99.5,0.26,0.7909999999999999,15.2,14.4,103.2,3.4,0.16899999999999998,122.2,1.2,0.564,133.2,2.3,0.354,120.1
131,Utah,109.6,0.529,0.15,0.258,21.5,105.8,0.496,0.132,0.242,19.6,2017,Utah 2017,0.529,0.524,0.627,0.41700000000000004,0.382,0.401,0.386,0.373,0.377,109.6,94.1,0.265,0.8490000000000001,16.0,15.4,101.2,3.0,0.1,133.7,1.5,0.5,145.1,1.4,0.168,125.2
132,Boston,111.6,0.528,0.13699999999999998,0.244,22.3,108.8,0.506,0.14400000000000002,0.278,22.6,2017,Boston 2017,0.528,0.53,0.608,0.415,0.41100000000000003,0.413,0.405,0.353,0.365,111.6,97.0,0.24600000000000002,0.809,14.8,14.1,102.8,2.9,0.141,122.3,1.9,0.583,142.5,1.0,0.272,113.1
133,Washington,111.3,0.532,0.145,0.27,20.2,109.4,0.527,0.157,0.272,21.4,2017,Washington 2017,0.532,0.518,0.615,0.424,0.442,0.434,0.349,0.392,0.38,111.3,93.8,0.278,0.78,19.6,16.9,113.1,4.3,0.17,128.2,2.3,0.6509999999999999,143.2,2.0,0.32899999999999996,120.9
134,Miami,108.2,0.516,0.142,0.27,17.7,106.9,0.498,0.14300000000000002,0.267,22.1,2017,Miami 2017,0.516,0.521,0.61,0.41200000000000003,0.386,0.4,0.401,0.35600000000000004,0.371,108.2,90.2,0.281,0.8059999999999999,18.9,16.3,113.7,3.4,0.141,125.4,1.8,0.5920000000000001,140.7,1.6,0.26899999999999996,118.8
135,Denver,113.2,0.532,0.15,0.3,21.6,112.4,0.5329999999999999,0.121,0.23600000000000002,19.5,2017,Denver 2017,0.532,0.531,0.604,0.425,0.396,0.41200000000000003,0.38299999999999995,0.374,0.375,113.2,95.5,0.306,0.7859999999999999,22.2,19.6,108.9,2.7,0.157,119.1,1.3,0.563,130.2,1.4,0.324,115.3
136,Memphis,107.7,0.494,0.139,0.281,22.2,107.1,0.509,0.153,0.255,25.7,2017,Memphis 2017,0.494,0.52,0.565,0.40399999999999997,0.38299999999999995,0.39399999999999996,0.408,0.34700000000000003,0.36,107.7,90.8,0.28600000000000003,0.8240000000000001,19.4,17.7,106.1,1.9,0.115,118.0,1.2,0.49200000000000005,129.0,0.7,0.20600000000000002,111.7
137,Oklahoma City,108.8,0.503,0.153,0.312,22.1,108.3,0.515,0.141,0.245,21.7,2017,Oklahoma City 2017,0.503,0.529,0.602,0.402,0.386,0.39399999999999996,0.355,0.32299999999999995,0.331,108.8,90.1,0.31,0.765,18.7,18.1,100.0,3.1,0.187,116.5,1.4,0.62,126.5,1.6,0.379,112.7
138,Indiana,109.0,0.522,0.14300000000000002,0.239,21.5,108.6,0.513,0.154,0.273,22.8,2017,Indiana 2017,0.522,0.507,0.611,0.442,0.41600000000000004,0.428,0.413,0.38,0.389,109.0,94.9,0.242,0.825,15.8,13.5,114.9,2.3,0.133,119.9,1.2,0.536,127.6,1.1,0.25,117.0
139,Chicago,107.5,0.49,0.141,0.298,20.9,107.1,0.51,0.141,0.258,17.1,2017,Chicago 2017,0.49,0.51,0.593,0.42,0.384,0.4,0.401,0.32,0.344,107.5,88.2,0.301,0.778,20.2,18.0,109.7,3.4,0.163,122.8,2.2,0.626,144.1,1.3,0.305,114.1
140,Milwaukee,109.7,0.531,0.14800000000000002,0.24600000000000002,21.1,109.7,0.523,0.155,0.27899999999999997,21.6,2017,Milwaukee 2017,0.531,0.532,0.624,0.39399999999999996,0.39,0.392,0.395,0.369,0.377,109.7,93.2,0.251,0.8009999999999999,17.4,15.2,111.8,4.0,0.154,130.1,1.9,0.6,142.7,2.0,0.29600000000000004,123.7
141,Charlotte,109.3,0.504,0.11900000000000001,0.23,22.7,109.6,0.529,0.136,0.23600000000000002,16.6,2017,Charlotte 2017,0.504,0.517,0.596,0.409,0.389,0.39799999999999996,0.375,0.355,0.358,109.3,94.8,0.23600000000000002,0.831,14.8,12.7,113.8,2.2,0.131,119.9,1.1,0.486,131.2,1.2,0.254,117.4
142,Minnesota,111.1,0.514,0.14800000000000002,0.299,22.9,111.9,0.5379999999999999,0.14800000000000002,0.273,21.1,2017,Minnesota 2017,0.514,0.515,0.625,0.42100000000000004,0.406,0.413,0.39,0.345,0.358,111.1,92.4,0.308,0.8009999999999999,22.2,19.2,112.4,2.8,0.138,123.3,1.7,0.565,136.3,1.0,0.271,115.7
143,Portland,110.4,0.521,0.139,0.26,21.5,111.5,0.514,0.132,0.265,24.4,2017,Portland 2017,0.521,0.522,0.574,0.43200000000000005,0.428,0.43,0.371,0.382,0.379,110.4,94.7,0.27,0.8140000000000001,17.8,16.6,104.9,2.8,0.132,123.9,1.4,0.5329999999999999,136.1,1.3,0.268,117.4
144,Detroit,106.3,0.496,0.125,0.27,15.5,107.6,0.519,0.134,0.213,19.8,2017,Detroit 2017,0.496,0.503,0.615,0.418,0.424,0.42100000000000004,0.37799999999999995,0.32799999999999996,0.33899999999999997,106.3,88.5,0.27699999999999997,0.782,18.7,17.4,105.3,3.0,0.163,120.0,1.6,0.5770000000000001,137.6,1.5,0.327,114.3
145,Atlanta,105.2,0.508,0.161,0.26899999999999996,21.5,106.7,0.511,0.156,0.26899999999999996,18.2,2017,Atlanta 2017,0.508,0.525,0.598,0.363,0.423,0.39799999999999996,0.387,0.33799999999999997,0.35,105.2,89.5,0.282,0.795,19.9,17.5,111.1,1.4,0.151,110.8,1.3,0.56,128.2,0.2,0.28800000000000003,103.4
146,New Orleans,105.6,0.506,0.131,0.213,19.4,107.4,0.51,0.14,0.259,17.9,2017,New Orleans 2017,0.506,0.517,0.604,0.426,0.38299999999999995,0.405,0.37799999999999995,0.349,0.35600000000000004,105.6,92.2,0.21,0.813,14.6,12.5,114.6,2.0,0.145,116.1,1.1,0.544,127.8,1.0,0.276,112.6
147,Dallas,105.1,0.506,0.128,0.19699999999999998,17.9,108.6,0.532,0.161,0.253,21.8,2017,Dallas 2017,0.506,0.506,0.615,0.44299999999999995,0.40399999999999997,0.42,0.365,0.35600000000000004,0.358,105.1,93.3,0.198,0.865,11.4,9.8,114.7,1.2,0.098,113.4,0.6,0.423,117.5,0.5,0.182,111.9
148,Sacramento,107.1,0.519,0.154,0.24100000000000002,22.2,111.4,0.53,0.146,0.263,22.7,2017,Sacramento 2017,0.519,0.516,0.613,0.396,0.40700000000000003,0.402,0.418,0.373,0.385,107.1,93.3,0.244,0.821,15.8,14.1,109.8,1.8,0.134,114.3,1.3,0.5660000000000001,127.8,0.5,0.25,107.3
149,New York,107.7,0.498,0.14300000000000002,0.292,18.7,112.0,0.514,0.132,0.29100000000000004,21.6,2017,New York 2017,0.498,0.513,0.5720000000000001,0.414,0.425,0.42,0.426,0.331,0.354,107.7,90.9,0.287,0.794,19.6,18.7,100.8,2.0,0.146,114.4,1.0,0.578,121.5,1.2,0.295,112.6
150,Phoenix,106.5,0.494,0.154,0.28800000000000003,22.9,112.2,0.527,0.14800000000000002,0.26899999999999996,26.4,2017,Phoenix 2017,0.494,0.515,0.603,0.414,0.38,0.396,0.324,0.34299999999999997,0.337,106.5,86.2,0.293,0.752,22.8,19.6,112.5,3.9,0.191,122.9,1.9,0.621,136.2,1.8,0.40299999999999997,116.5
151,LA Lakers,106.4,0.504,0.154,0.273,19.4,112.4,0.542,0.147,0.266,21.5,2017,LA Lakers 2017,0.504,0.52,0.604,0.39,0.392,0.391,0.376,0.34600000000000003,0.354,106.4,87.1,0.282,0.773,19.5,17.1,111.9,4.1,0.175,126.5,2.4,0.639,146.8,1.6,0.35600000000000004,116.8
152,Orlando,104.9,0.493,0.13699999999999998,0.257,18.7,110.9,0.523,0.134,0.259,20.2,2017,Orlando 2017,0.493,0.512,0.602,0.41200000000000003,0.40399999999999997,0.408,0.302,0.34299999999999997,0.335,104.9,88.7,0.244,0.789,14.8,14.0,102.4,2.9,0.16699999999999998,117.8,1.7,0.623,135.4,1.3,0.342,111.7
153,Philadelphia,102.8,0.502,0.17,0.258,19.8,109.4,0.515,0.153,0.27899999999999997,23.6,2017,Philadelphia 2017,0.502,0.528,0.606,0.385,0.35700000000000004,0.37200000000000005,0.409,0.33,0.344,102.8,86.7,0.265,0.8009999999999999,17.6,15.5,111.9,2.5,0.154,117.4,1.6,0.5670000000000001,133.2,0.7,0.302,108.6
154,Brooklyn,103.6,0.508,0.16399999999999998,0.223,22.4,111.1,0.517,0.132,0.26899999999999996,21.5,2017,Brooklyn 2017,0.508,0.532,0.588,0.41200000000000003,0.377,0.4,0.37799999999999995,0.33299999999999996,0.34299999999999997,103.6,89.2,0.22399999999999998,0.799,15.4,13.5,112.2,2.4,0.16399999999999998,117.4,1.5,0.598,137.4,0.9,0.331,110.9
155,Average,108.4,0.524,0.146,0.254,19.4,108.4,0.524,0.146,0.254,19.4,2018,Average 2018,0.524,0.527,0.631,0.39899999999999997,0.40399999999999997,0.401,0.39299999999999996,0.359,0.36700000000000005,108.4,93.4,0.258,0.8,18.1,16.1,110.1,2.8,0.153,120.7,1.6,0.612,133.7,1.2,0.28800000000000003,114.5
156,Houston,114.8,0.557,0.141,0.24100000000000002,23.7,105.8,0.524,0.15,0.23800000000000002,17.1,2018,Houston 2018,0.556,0.552,0.6459999999999999,0.365,0.465,0.40299999999999997,0.39799999999999996,0.359,0.369,114.8,100.1,0.262,0.804,16.2,14.3,110.9,3.9,0.158,129.1,1.8,0.562,137.7,2.0,0.287,125.6
157,Toronto,113.5,0.541,0.13699999999999998,0.263,20.2,105.6,0.504,0.146,0.259,21.1,2018,Toronto 2018,0.541,0.535,0.648,0.423,0.41,0.418,0.384,0.35600000000000004,0.364,113.5,97.7,0.27,0.802,19.5,16.5,115.5,3.4,0.152,123.6,1.6,0.575,134.9,1.6,0.29,118.3
158,Golden State,113.9,0.575,0.153,0.22899999999999998,19.6,106.7,0.506,0.14400000000000002,0.275,18.5,2018,Golden State 2018,0.574,0.521,0.684,0.462,0.467,0.465,0.39799999999999996,0.4,0.4,113.9,101.5,0.22699999999999998,0.759,18.6,16.3,111.1,3.8,0.203,122.5,1.5,0.62,132.2,2.3,0.415,119.7
159,Philadelphia,109.6,0.542,0.165,0.27699999999999997,20.1,104.4,0.495,0.14300000000000002,0.25,21.9,2018,Philadelphia 2018,0.541,0.525,0.6729999999999999,0.38299999999999995,0.423,0.4,0.39799999999999996,0.371,0.376,109.6,93.9,0.276,0.7809999999999999,21.8,18.7,113.0,3.0,0.165,120.3,1.6,0.633,132.0,1.4,0.297,114.8
160,Utah,107.9,0.53,0.154,0.244,20.3,103.6,0.509,0.155,0.233,19.0,2018,Utah 2018,0.529,0.532,0.645,0.37200000000000005,0.401,0.385,0.41700000000000004,0.35100000000000003,0.371,107.9,92.9,0.25,0.8190000000000001,16.7,14.6,112.0,3.2,0.14300000000000002,125.7,1.6,0.585,131.7,1.6,0.247,122.5
161,Boston,107.5,0.521,0.14300000000000002,0.244,18.8,103.4,0.49700000000000005,0.147,0.251,19.0,2018,Boston 2018,0.521,0.526,0.595,0.376,0.435,0.40299999999999997,0.413,0.374,0.38299999999999995,107.5,94.0,0.24600000000000002,0.8109999999999999,16.9,15.2,108.4,2.0,0.141,115.4,1.3,0.611,125.4,0.6,0.251,108.9
162,Oklahoma City,110.2,0.518,0.142,0.304,19.7,107.0,0.53,0.165,0.258,19.4,2018,Oklahoma City 2018,0.518,0.5329999999999999,0.618,0.39399999999999996,0.381,0.386,0.377,0.35700000000000004,0.36200000000000004,110.2,93.0,0.301,0.7659999999999999,20.7,19.0,105.2,3.0,0.182,116.8,2.0,0.648,130.5,1.2,0.344,112.2
163,Minnesota,113.3,0.526,0.129,0.273,22.8,110.7,0.541,0.156,0.266,18.7,2018,Minnesota 2018,0.526,0.513,0.6629999999999999,0.43799999999999994,0.406,0.423,0.397,0.35200000000000004,0.363,113.3,96.6,0.278,0.818,20.8,17.4,117.3,3.1,0.126,128.4,2.1,0.5820000000000001,143.4,1.0,0.21899999999999997,117.6
164,San Antonio,107.7,0.509,0.136,0.266,18.9,105.2,0.513,0.146,0.245,17.0,2018,San Antonio 2018,0.508,0.512,0.635,0.41100000000000003,0.4,0.406,0.4,0.342,0.35600000000000004,107.7,91.6,0.27,0.825,19.2,15.8,118.9,2.4,0.121,122.5,1.4,0.522,135.1,0.9,0.215,114.3
165,Portland,108.4,0.511,0.138,0.268,19.2,106.3,0.507,0.131,0.24100000000000002,19.3,2018,Portland 2018,0.511,0.526,0.5820000000000001,0.405,0.42200000000000004,0.413,0.37799999999999995,0.364,0.366,108.4,93.5,0.271,0.8240000000000001,19.5,16.9,112.0,1.9,0.11900000000000001,117.7,1.0,0.5670000000000001,123.9,0.8,0.20600000000000002,112.5
166,New Orleans,109.3,0.547,0.146,0.22699999999999998,18.4,107.2,0.513,0.141,0.258,17.4,2018,New Orleans 2018,0.546,0.529,0.652,0.45899999999999996,0.40299999999999997,0.436,0.40399999999999997,0.35700000000000004,0.369,109.3,96.2,0.228,0.807,18.1,14.1,126.1,2.7,0.155,121.5,1.4,0.593,131.0,1.3,0.294,117.6
167,Indiana,109.3,0.528,0.138,0.256,17.4,107.4,0.528,0.162,0.264,17.3,2018,Indiana 2018,0.528,0.521,0.624,0.42,0.431,0.426,0.42700000000000005,0.36,0.376,109.3,93.3,0.255,0.7959999999999999,16.6,15.1,107.1,4.1,0.161,128.1,2.3,0.67,136.9,1.7,0.28300000000000003,121.6
168,Denver,112.1,0.539,0.153,0.28800000000000003,19.8,110.5,0.542,0.141,0.249,17.3,2018,Denver 2018,0.5379999999999999,0.532,0.634,0.413,0.405,0.41,0.419,0.365,0.374,112.1,94.4,0.295,0.789,22.5,18.9,116.0,3.8,0.156,127.8,2.1,0.64,142.4,1.7,0.293,120.9
169,Washington,108.6,0.527,0.149,0.262,19.6,107.8,0.523,0.154,0.254,21.4,2018,Washington 2018,0.526,0.514,0.6409999999999999,0.428,0.414,0.42100000000000004,0.379,0.377,0.377,108.6,93.2,0.267,0.7979999999999999,18.5,17.0,106.3,3.4,0.153,125.3,2.0,0.638,139.6,1.4,0.282,118.4
170,Cleveland,112.7,0.5489999999999999,0.139,0.233,21.5,112.0,0.545,0.136,0.253,16.6,2018,Cleveland 2018,0.5479999999999999,0.535,0.684,0.366,0.405,0.386,0.408,0.361,0.374,112.7,98.9,0.243,0.7929999999999999,16.2,14.8,107.5,3.3,0.166,123.7,1.6,0.594,140.7,1.6,0.345,116.1
171,Miami,107.0,0.524,0.149,0.248,17.2,106.4,0.511,0.146,0.243,21.8,2018,Miami 2018,0.523,0.532,0.636,0.386,0.375,0.381,0.389,0.359,0.36700000000000005,107.0,93.3,0.253,0.82,15.2,14.3,103.8,2.3,0.139,117.5,1.4,0.5710000000000001,131.8,0.9,0.258,110.4
172,Charlotte,109.3,0.512,0.129,0.255,23.4,109.1,0.536,0.138,0.225,16.4,2018,Charlotte 2018,0.511,0.522,0.612,0.40700000000000003,0.365,0.387,0.369,0.38,0.37799999999999995,109.3,93.2,0.263,0.8,19.6,17.3,110.3,3.5,0.145,126.6,1.5,0.593,134.8,2.1,0.278,124.2
173,LA Clippers,109.8,0.527,0.15,0.27399999999999997,22.3,110.0,0.524,0.141,0.268,20.3,2018,LA Clippers 2018,0.527,0.54,0.631,0.395,0.38,0.389,0.33899999999999997,0.36,0.355,109.8,94.1,0.294,0.7959999999999999,21.6,17.9,118.6,1.8,0.156,113.3,1.1,0.615,123.8,0.7,0.304,109.4
174,Detroit,107.2,0.514,0.138,0.255,16.9,107.4,0.528,0.154,0.247,17.3,2018,Detroit 2018,0.514,0.523,0.617,0.371,0.40399999999999997,0.385,0.385,0.376,0.37799999999999995,107.2,91.1,0.256,0.7809999999999999,19.4,17.7,106.9,3.3,0.162,122.2,1.8,0.596,139.0,1.5,0.32,115.7
175,Milwaukee,109.3,0.534,0.142,0.23,22.0,109.6,0.53,0.161,0.27699999999999997,22.0,2018,Milwaukee 2018,0.5329999999999999,0.531,0.645,0.41200000000000003,0.425,0.418,0.406,0.34299999999999997,0.36,109.3,95.9,0.235,0.78,16.1,14.6,108.8,3.4,0.184,121.3,2.1,0.687,135.4,1.4,0.35100000000000003,114.9
176,LA Lakers,106.5,0.521,0.155,0.265,19.1,107.7,0.517,0.14,0.257,19.1,2018,LA Lakers 2018,0.521,0.537,0.637,0.374,0.371,0.373,0.402,0.34299999999999997,0.353,106.5,90.0,0.267,0.768,21.3,17.7,117.5,3.1,0.18600000000000003,118.5,1.9,0.695,137.1,1.2,0.361,111.2
177,Dallas,105.9,0.516,0.127,0.20800000000000002,16.6,109.1,0.537,0.142,0.237,19.3,2018,Dallas 2018,0.515,0.523,0.621,0.39799999999999996,0.4,0.39899999999999997,0.418,0.353,0.365,105.9,93.7,0.21600000000000003,0.8370000000000001,15.0,13.4,110.0,1.4,0.11900000000000001,113.6,1.3,0.5379999999999999,133.0,0.0,0.218,103.4
178,Brooklyn,106.8,0.516,0.151,0.243,19.9,110.7,0.518,0.124,0.259,20.2,2018,Brooklyn 2018,0.516,0.534,0.618,0.385,0.35600000000000004,0.376,0.365,0.35700000000000004,0.359,106.8,93.0,0.247,0.8079999999999999,17.1,15.2,110.4,1.7,0.14300000000000002,113.7,1.2,0.6709999999999999,131.3,0.4,0.28,105.8
179,New York,106.9,0.515,0.15,0.27699999999999997,17.0,111.0,0.527,0.135,0.259,20.9,2018,New York 2018,0.515,0.513,0.63,0.43200000000000005,0.4,0.41600000000000004,0.408,0.349,0.361,106.9,91.3,0.27399999999999997,0.8059999999999999,19.8,17.6,109.9,2.6,0.13699999999999998,119.6,1.3,0.619,131.0,1.2,0.265,114.5
180,Orlando,105.3,0.514,0.14800000000000002,0.23399999999999999,18.1,110.3,0.529,0.145,0.272,18.7,2018,Orlando 2018,0.514,0.524,0.6559999999999999,0.368,0.389,0.377,0.361,0.35200000000000004,0.354,105.3,91.4,0.231,0.8109999999999999,13.7,13.5,99.8,2.8,0.151,120.3,1.6,0.607,131.6,1.3,0.299,114.8
181,Memphis,104.5,0.504,0.158,0.258,20.3,110.9,0.531,0.154,0.268,25.8,2018,Memphis 2018,0.504,0.532,0.597,0.365,0.39799999999999996,0.381,0.354,0.359,0.358,104.5,89.2,0.266,0.813,16.7,15.4,106.1,2.3,0.14,119.2,1.4,0.608,129.7,0.7,0.271,111.8
182,Atlanta,104.5,0.514,0.159,0.24600000000000002,18.2,111.1,0.54,0.154,0.275,18.5,2018,Atlanta 2018,0.514,0.531,0.612,0.35100000000000003,0.413,0.38299999999999995,0.43,0.34,0.364,104.5,90.0,0.25,0.8170000000000001,16.4,14.7,109.2,2.6,0.13699999999999998,121.2,2.0,0.578,146.1,0.6,0.264,107.4
183,Chicago,103.8,0.498,0.14300000000000002,0.24100000000000002,16.3,111.2,0.544,0.136,0.221,18.7,2018,Chicago 2018,0.498,0.524,0.59,0.384,0.39,0.386,0.381,0.354,0.359,103.8,89.8,0.243,0.795,14.8,15.3,93.7,1.9,0.159,114.6,1.1,0.657,122.6,0.7,0.287,108.8
184,Sacramento,103.5,0.505,0.145,0.245,14.1,111.2,0.544,0.15,0.253,20.2,2018,Sacramento 2018,0.505,0.509,0.622,0.38799999999999996,0.396,0.392,0.41200000000000003,0.37200000000000005,0.382,103.5,88.5,0.247,0.8140000000000001,16.3,15.2,104.9,2.6,0.14,120.5,1.5,0.588,130.4,1.0,0.262,114.7
185,Phoenix,103.1,0.49700000000000005,0.158,0.26,20.3,112.9,0.535,0.133,0.262,21.4,2018,Phoenix 2018,0.49700000000000005,0.53,0.598,0.392,0.371,0.38299999999999995,0.364,0.33299999999999996,0.34,103.1,87.9,0.267,0.7809999999999999,18.7,17.6,103.6,1.7,0.171,111.9,1.5,0.674,131.5,0.3,0.342,105.3
186,Average,110.6,0.527,0.14,0.259,19.9,110.6,0.527,0.14,0.259,19.9,2019,Average 2019,0.527,0.531,0.629,0.40299999999999997,0.405,0.40399999999999997,0.38299999999999995,0.353,0.36,110.6,94.7,0.263,0.7979999999999999,19.1,17.0,109.6,2.6,0.153,122.7,1.5,0.639,134.2,1.1,0.28800000000000003,117.4
187,Milwaukee,114.9,0.5539999999999999,0.132,0.23800000000000002,19.9,105.8,0.507,0.13,0.22899999999999998,16.1,2019,Milwaukee 2019,0.5539999999999999,0.547,0.667,0.386,0.38799999999999996,0.386,0.37799999999999995,0.35200000000000004,0.35700000000000004,114.9,100.3,0.23800000000000002,0.782,16.3,15.2,105.0,3.7,0.185,126.2,1.7,0.662,138.1,2.0,0.342,122.2
188,Golden State,116.5,0.5710000000000001,0.14,0.24600000000000002,18.7,108.7,0.509,0.133,0.26,20.2,2019,Golden State 2019,0.5710000000000001,0.522,0.682,0.43799999999999994,0.478,0.45899999999999996,0.428,0.382,0.392,116.5,102.2,0.243,0.8,17.2,15.1,111.2,3.5,0.159,128.5,1.5,0.586,140.4,2.0,0.308,124.9
189,Utah,111.4,0.542,0.15,0.262,22.0,104.7,0.506,0.13699999999999998,0.22699999999999998,18.6,2019,Utah 2019,0.5429999999999999,0.5429999999999999,0.6509999999999999,0.361,0.414,0.379,0.381,0.35700000000000004,0.364,111.4,95.9,0.272,0.805,20.7,18.0,112.7,2.4,0.142,123.2,1.7,0.613,136.9,0.7,0.248,115.2
190,Toronto,113.5,0.546,0.13699999999999998,0.24600000000000002,20.0,107.3,0.511,0.15,0.263,18.8,2019,Toronto 2019,0.546,0.532,0.6409999999999999,0.433,0.439,0.435,0.42700000000000005,0.34600000000000003,0.37,113.5,96.4,0.25,0.7759999999999999,19.3,16.3,116.4,4.7,0.182,132.2,2.1,0.68,140.2,2.7,0.342,129.1
191,Houston,115.5,0.545,0.134,0.254,22.1,110.8,0.526,0.153,0.28800000000000003,20.8,2019,Houston 2019,0.544,0.546,0.639,0.396,0.413,0.4,0.373,0.354,0.359,115.5,100.5,0.267,0.815,15.6,14.8,103.4,2.8,0.142,124.6,1.3,0.5770000000000001,130.6,1.3,0.262,120.7
192,Portland,114.8,0.531,0.136,0.29600000000000004,21.2,110.4,0.52,0.124,0.245,19.6,2019,Portland 2019,0.531,0.534,0.605,0.41600000000000004,0.44299999999999995,0.429,0.35600000000000004,0.36200000000000004,0.361,114.8,97.6,0.298,0.8190000000000001,22.0,19.5,109.5,2.6,0.121,127.3,1.4,0.606,140.9,1.0,0.21600000000000003,119.1
193,Boston,112.1,0.537,0.128,0.244,17.3,107.9,0.519,0.152,0.26,20.0,2019,Boston 2019,0.537,0.524,0.643,0.428,0.43200000000000005,0.429,0.34,0.376,0.368,112.1,97.0,0.23399999999999999,0.794,16.7,14.7,110.9,3.4,0.161,127.6,2.1,0.701,140.9,1.1,0.28,117.4
194,Oklahoma City,110.5,0.518,0.133,0.285,19.1,106.7,0.526,0.161,0.248,20.6,2019,Oklahoma City 2019,0.518,0.536,0.622,0.379,0.368,0.375,0.375,0.345,0.354,110.5,92.8,0.29600000000000004,0.759,21.4,19.7,105.4,2.6,0.19399999999999998,117.5,1.6,0.6829999999999999,130.2,1.1,0.358,113.2
195,Denver,112.9,0.531,0.138,0.297,17.7,109.3,0.524,0.13699999999999998,0.247,19.5,2019,Denver 2019,0.531,0.527,0.632,0.439,0.405,0.429,0.396,0.34600000000000003,0.35600000000000004,112.9,95.3,0.308,0.792,21.2,19.1,107.7,2.4,0.152,121.3,1.4,0.6459999999999999,129.6,1.1,0.27699999999999997,117.3
196,Indiana,110.0,0.531,0.139,0.255,18.4,107.1,0.522,0.162,0.266,18.2,2019,Indiana 2019,0.531,0.527,0.621,0.42200000000000004,0.405,0.413,0.428,0.36200000000000004,0.379,110.0,93.8,0.255,0.805,19.3,15.4,122.4,3.0,0.15,123.9,1.9,0.6579999999999999,133.9,1.0,0.255,116.7
197,Philadelphia,112.2,0.535,0.14800000000000002,0.268,24.4,109.6,0.515,0.124,0.244,20.5,2019,Philadelphia 2019,0.535,0.527,0.6579999999999999,0.40700000000000003,0.391,0.4,0.371,0.364,0.366,112.2,95.7,0.27399999999999997,0.7829999999999999,22.8,19.3,115.0,2.8,0.163,122.7,1.6,0.6709999999999999,136.2,1.2,0.31,117.6
198,San Antonio,113.5,0.5379999999999999,0.12,0.228,19.4,111.5,0.532,0.124,0.242,17.4,2019,San Antonio 2019,0.5379999999999999,0.5,0.6559999999999999,0.456,0.42700000000000005,0.442,0.465,0.384,0.401,113.5,100.0,0.22699999999999998,0.8390000000000001,17.0,14.8,112.3,2.5,0.115,129.4,1.0,0.5479999999999999,136.1,1.5,0.218,126.9
199,Orlando,109.4,0.523,0.135,0.248,16.8,108.4,0.519,0.132,0.228,18.5,2019,Orlando 2019,0.523,0.521,0.638,0.41200000000000003,0.39899999999999997,0.406,0.386,0.35700000000000004,0.363,109.4,93.8,0.254,0.816,18.4,16.2,111.2,2.2,0.135,124.1,1.2,0.583,136.4,1.0,0.259,118.1
200,LA Clippers,112.4,0.5329999999999999,0.141,0.251,25.9,111.7,0.518,0.127,0.265,22.6,2019,LA Clippers 2019,0.532,0.528,0.604,0.41200000000000003,0.4,0.408,0.419,0.389,0.396,112.4,97.1,0.248,0.8009999999999999,19.0,16.5,112.6,3.0,0.152,124.1,1.4,0.667,135.3,1.5,0.297,119.7
201,Detroit,109.5,0.514,0.142,0.275,19.7,109.3,0.529,0.14400000000000002,0.24100000000000002,21.0,2019,Detroit 2019,0.514,0.534,0.61,0.369,0.419,0.387,0.386,0.341,0.354,109.5,92.9,0.27699999999999997,0.807,19.2,18.5,100.8,2.3,0.135,122.4,1.3,0.5820000000000001,135.0,1.1,0.261,117.3
202,Brooklyn,109.7,0.524,0.147,0.26899999999999996,21.3,109.9,0.516,0.132,0.268,19.3,2019,Brooklyn 2019,0.524,0.5379999999999999,0.612,0.374,0.397,0.381,0.38299999999999995,0.354,0.36,109.7,94.9,0.272,0.804,17.9,17.0,102.2,2.0,0.146,117.3,1.0,0.64,125.6,1.0,0.28800000000000003,113.8
203,Miami,107.6,0.516,0.151,0.281,17.3,107.8,0.512,0.14400000000000002,0.258,20.3,2019,Miami 2019,0.516,0.532,0.626,0.386,0.358,0.377,0.376,0.344,0.353,107.6,91.0,0.285,0.804,20.5,19.0,104.2,1.5,0.14,114.4,1.1,0.561,128.9,0.4,0.26,107.3
204,Sacramento,110.1,0.526,0.129,0.256,17.7,110.9,0.534,0.154,0.27399999999999997,20.7,2019,Sacramento 2019,0.526,0.525,0.629,0.38,0.395,0.386,0.40399999999999997,0.38,0.385,110.1,92.6,0.26,0.752,20.3,18.4,107.4,4.2,0.196,127.6,2.3,0.735,144.7,1.8,0.38299999999999995,120.7
205,Charlotte,111.9,0.517,0.122,0.255,20.6,112.8,0.54,0.13699999999999998,0.257,18.0,2019,Charlotte 2019,0.517,0.5329999999999999,0.59,0.39799999999999996,0.428,0.409,0.408,0.345,0.359,111.9,95.8,0.259,0.804,17.1,15.7,106.3,2.8,0.149,124.3,1.6,0.62,139.7,1.1,0.293,116.6
206,New Orleans,111.6,0.532,0.14300000000000002,0.271,19.5,112.8,0.534,0.13,0.26,19.3,2019,New Orleans 2019,0.532,0.5329999999999999,0.647,0.426,0.368,0.408,0.35600000000000004,0.34600000000000003,0.348,111.6,95.9,0.27699999999999997,0.799,22.0,18.5,115.8,1.6,0.151,115.5,1.2,0.635,129.4,0.4,0.287,108.9
207,Dallas,109.9,0.523,0.142,0.256,21.8,111.5,0.526,0.129,0.254,19.4,2019,Dallas 2019,0.523,0.532,0.648,0.39299999999999996,0.377,0.387,0.381,0.34,0.349,109.9,95.0,0.264,0.815,18.9,16.7,111.0,1.5,0.132,114.7,1.2,0.609,131.4,0.3,0.251,107.4
208,LA Lakers,108.3,0.53,0.151,0.257,18.0,109.8,0.518,0.13699999999999998,0.264,19.4,2019,LA Lakers 2019,0.531,0.5429999999999999,0.647,0.375,0.401,0.386,0.34299999999999997,0.336,0.33799999999999997,108.3,92.1,0.266,0.768,19.9,17.7,109.5,2.6,0.18899999999999997,118.6,1.7,0.718,134.1,0.9,0.371,112.9
209,Minnesota,111.5,0.515,0.132,0.28,21.1,113.2,0.54,0.146,0.28,19.0,2019,Minnesota 2019,0.515,0.523,0.63,0.392,0.402,0.397,0.384,0.348,0.35700000000000004,111.5,93.3,0.281,0.809,21.8,18.5,114.2,2.8,0.134,127.2,1.5,0.606,134.0,1.4,0.24,124.7
210,Washington,111.0,0.534,0.13699999999999998,0.242,20.4,113.9,0.551,0.153,0.28300000000000003,20.1,2019,Washington 2019,0.534,0.536,0.669,0.40299999999999997,0.391,0.397,0.366,0.337,0.344,111.0,95.6,0.248,0.785,19.3,17.0,110.8,3.1,0.165,124.7,1.4,0.6509999999999999,132.3,1.6,0.325,121.5
211,Memphis,106.1,0.511,0.14300000000000002,0.231,20.9,109.2,0.524,0.156,0.263,23.6,2019,Memphis 2019,0.511,0.525,0.618,0.408,0.401,0.405,0.36200000000000004,0.341,0.34700000000000003,106.1,91.7,0.23800000000000002,0.825,16.4,14.7,109.8,2.0,0.133,121.5,1.2,0.56,129.3,0.8,0.24100000000000002,117.8
212,Atlanta,107.7,0.523,0.16399999999999998,0.272,19.0,114.5,0.547,0.142,0.267,23.8,2019,Atlanta 2019,0.523,0.545,0.607,0.37200000000000005,0.371,0.37200000000000005,0.391,0.344,0.35700000000000004,107.7,91.6,0.27,0.77,20.4,19.1,103.3,2.2,0.175,117.6,0.9,0.713,119.4,1.2,0.34700000000000003,116.3
213,Chicago,104.9,0.506,0.14300000000000002,0.228,18.3,113.7,0.545,0.133,0.256,18.9,2019,Chicago 2019,0.506,0.526,0.595,0.41,0.38,0.39799999999999996,0.397,0.34299999999999997,0.35600000000000004,104.9,90.6,0.242,0.8220000000000001,15.1,13.9,106.8,2.0,0.13699999999999998,120.3,1.6,0.643,137.7,0.5,0.24600000000000002,111.2
214,Phoenix,105.7,0.517,0.154,0.233,20.1,115.2,0.5489999999999999,0.154,0.302,23.8,2019,Phoenix 2019,0.517,0.527,0.632,0.42200000000000004,0.409,0.41700000000000004,0.33299999999999996,0.33399999999999996,0.33399999999999996,105.7,90.6,0.23199999999999998,0.795,18.2,15.6,113.0,2.5,0.161,122.5,1.7,0.6809999999999999,134.4,0.7,0.315,112.7
215,Cleveland,107.8,0.505,0.14,0.271,18.5,117.7,0.565,0.129,0.258,18.1,2019,Cleveland 2019,0.505,0.521,0.594,0.39399999999999996,0.40399999999999997,0.39799999999999996,0.36200000000000004,0.36,0.36,107.8,90.0,0.27399999999999997,0.807,20.3,17.7,112.1,2.6,0.135,123.8,1.4,0.618,135.4,1.4,0.278,119.7
216,New York,104.2,0.49,0.141,0.255,20.2,114.7,0.537,0.131,0.271,20.8,2019,New York 2019,0.49,0.529,0.5760000000000001,0.366,0.387,0.376,0.349,0.342,0.34299999999999997,104.2,88.0,0.261,0.804,19.7,17.7,108.6,1.8,0.138,117.5,1.2,0.657,130.4,0.7,0.262,112.7
217,Average,110.9,0.532,0.14400000000000002,0.254,20.2,110.9,0.532,0.14400000000000002,0.254,20.2,2020,Average 2020,0.532,0.535,0.635,0.401,0.408,0.40299999999999997,0.39,0.355,0.363,110.9,95.2,0.259,0.804,19.3,16.9,111.0,2.5,0.147,122.8,1.5,0.636,135.3,1.0,0.273,117.0
218,Milwaukee,113.1,0.555,0.142,0.226,20.5,103.2,0.494,0.134,0.20800000000000002,17.9,2020,Milwaukee 2020,0.555,0.539,0.677,0.40700000000000003,0.479,0.43200000000000005,0.386,0.35100000000000003,0.359,113.1,99.5,0.228,0.782,17.8,15.8,110.1,2.7,0.185,121.0,1.3,0.621,135.2,1.4,0.35,116.3
219,Boston,113.6,0.532,0.136,0.271,21.0,106.7,0.511,0.154,0.256,21.6,2020,Boston 2020,0.532,0.534,0.621,0.402,0.418,0.408,0.386,0.364,0.369,113.6,96.8,0.28600000000000003,0.7879999999999999,20.3,18.6,105.7,2.6,0.157,122.5,1.7,0.6409999999999999,135.2,0.8,0.27899999999999997,115.4
220,LA Clippers,114.2,0.536,0.141,0.267,23.8,107.7,0.509,0.139,0.249,20.0,2020,LA Clippers 2020,0.535,0.532,0.631,0.42200000000000004,0.402,0.414,0.39,0.364,0.371,114.2,98.2,0.275,0.7929999999999999,19.8,18.3,105.2,2.9,0.158,123.7,1.9,0.657,146.8,0.8,0.29,112.2
221,Toronto,111.0,0.535,0.145,0.24,21.1,105.3,0.506,0.16699999999999998,0.263,20.3,2020,Toronto 2020,0.535,0.5479999999999999,0.612,0.369,0.361,0.36700000000000005,0.379,0.373,0.374,111.0,94.5,0.23600000000000002,0.775,17.8,15.4,112.8,3.6,0.184,125.3,1.8,0.657,137.8,1.9,0.34,121.1
222,LA Lakers,112.3,0.5429999999999999,0.15,0.27,20.4,106.7,0.519,0.158,0.249,20.6,2020,LA Lakers 2020,0.5429999999999999,0.5429999999999999,0.688,0.379,0.365,0.37200000000000005,0.409,0.32899999999999996,0.353,112.3,94.4,0.273,0.7859999999999999,22.3,19.2,113.3,3.8,0.161,129.8,2.0,0.619,142.5,1.9,0.295,125.0
223,Dallas,116.9,0.5479999999999999,0.127,0.262,20.9,112.0,0.526,0.11900000000000001,0.249,17.6,2020,Dallas 2020,0.5479999999999999,0.534,0.6729999999999999,0.39399999999999996,0.43,0.405,0.39799999999999996,0.361,0.37,116.9,100.9,0.27399999999999997,0.8220000000000001,21.8,17.3,123.1,1.6,0.12300000000000001,118.4,1.3,0.58,141.7,0.3,0.233,108.0
224,Miami,112.9,0.551,0.14800000000000002,0.23800000000000002,23.6,109.7,0.524,0.14,0.23199999999999998,21.3,2020,Miami 2020,0.551,0.535,0.669,0.395,0.38299999999999995,0.391,0.387,0.385,0.386,112.9,99.0,0.24600000000000002,0.828,16.5,14.2,114.6,2.4,0.131,125.0,1.4,0.647,134.1,0.9,0.222,118.9
225,Houston,112.9,0.539,0.138,0.23399999999999999,23.2,110.2,0.53,0.155,0.27899999999999997,19.4,2020,Houston 2020,0.539,0.552,0.638,0.39399999999999996,0.392,0.39299999999999996,0.382,0.336,0.349,112.9,98.5,0.242,0.813,14.9,13.9,105.0,2.9,0.149,125.8,1.4,0.664,129.9,1.5,0.255,125.4
226,Philadelphia,111.9,0.537,0.14300000000000002,0.26899999999999996,19.4,109.1,0.526,0.139,0.23600000000000002,21.5,2020,Philadelphia 2020,0.537,0.526,0.647,0.413,0.40700000000000003,0.41100000000000003,0.415,0.363,0.374,111.9,96.8,0.281,0.8009999999999999,19.2,18.2,102.3,2.0,0.145,120.9,1.4,0.639,132.3,0.6,0.255,114.5
227,Utah,112.4,0.5529999999999999,0.151,0.244,21.2,109.9,0.522,0.124,0.23800000000000002,18.5,2020,Utah 2020,0.5529999999999999,0.536,0.6559999999999999,0.4,0.425,0.406,0.413,0.376,0.386,112.4,98.0,0.253,0.831,19.3,15.4,123.0,1.8,0.127,119.9,1.2,0.655,134.0,0.6,0.231,113.6
228,Indiana,110.7,0.539,0.133,0.23,17.1,108.4,0.515,0.14800000000000002,0.268,19.4,2020,Indiana 2020,0.539,0.53,0.624,0.44799999999999995,0.423,0.436,0.39899999999999997,0.366,0.374,110.7,96.5,0.23199999999999998,0.82,18.3,14.9,120.7,2.0,0.135,121.2,1.7,0.679,140.4,0.4,0.22899999999999998,110.9
229,Denver,113.2,0.537,0.14,0.27899999999999997,18.6,111.1,0.5329999999999999,0.14400000000000002,0.259,20.0,2020,Denver 2020,0.537,0.528,0.655,0.395,0.457,0.42,0.41,0.349,0.363,113.2,96.4,0.293,0.8079999999999999,22.8,19.1,116.3,1.8,0.141,117.1,1.5,0.605,134.3,0.3,0.255,107.2
230,Oklahoma City,111.1,0.534,0.136,0.22699999999999998,23.3,109.2,0.523,0.14300000000000002,0.256,17.6,2020,Oklahoma City 2020,0.534,0.525,0.642,0.409,0.47100000000000003,0.435,0.345,0.364,0.36,111.1,98.6,0.231,0.823,14.3,13.5,104.3,1.5,0.141,116.8,1.3,0.573,133.7,0.1,0.261,106.8
231,Orlando,109.7,0.511,0.129,0.251,20.0,109.9,0.54,0.14800000000000002,0.235,17.6,2020,Orlando 2020,0.512,0.526,0.63,0.406,0.37799999999999995,0.39399999999999996,0.389,0.34299999999999997,0.35,109.7,93.1,0.251,0.797,19.3,17.5,107.5,2.8,0.14800000000000002,125.2,1.7,0.609,138.3,1.1,0.272,118.5
232,Phoenix,111.8,0.534,0.145,0.253,22.5,112.0,0.544,0.152,0.247,22.3,2020,Phoenix 2020,0.534,0.532,0.634,0.428,0.406,0.42,0.374,0.35600000000000004,0.361,111.8,96.6,0.248,0.8029999999999999,17.9,16.8,103.9,3.3,0.147,129.9,1.9,0.682,143.5,1.5,0.28300000000000003,122.7
233,New Orleans,111.6,0.545,0.158,0.273,18.7,112.2,0.534,0.14,0.258,21.3,2020,New Orleans 2020,0.545,0.544,0.636,0.39299999999999996,0.38,0.38799999999999996,0.41100000000000003,0.364,0.376,111.6,94.3,0.28600000000000003,0.8,20.9,18.4,110.6,3.2,0.147,128.4,1.4,0.602,138.9,1.9,0.285,126.3
234,San Antonio,112.5,0.535,0.12300000000000001,0.218,21.4,113.1,0.5429999999999999,0.129,0.237,19.5,2020,San Antonio 2020,0.535,0.512,0.644,0.444,0.436,0.44,0.40299999999999997,0.375,0.381,112.5,98.5,0.214,0.809,16.5,15.1,107.4,3.3,0.147,129.2,2.0,0.657,145.8,1.4,0.275,121.8
235,Brooklyn,109.4,0.524,0.149,0.26899999999999996,19.9,110.1,0.513,0.124,0.252,19.0,2020,Brooklyn 2020,0.524,0.5479999999999999,0.62,0.35,0.405,0.366,0.386,0.33899999999999997,0.35,109.4,93.6,0.278,0.809,17.9,17.5,99.8,2.3,0.139,121.1,1.3,0.603,135.0,1.1,0.273,116.3
236,Portland,114.0,0.536,0.126,0.252,19.3,115.0,0.5329999999999999,0.126,0.276,21.0,2020,Portland 2020,0.536,0.528,0.604,0.426,0.433,0.429,0.42200000000000004,0.373,0.38299999999999995,114.0,98.6,0.258,0.818,20.7,17.9,112.6,2.4,0.124,127.2,0.9,0.593,129.6,1.4,0.242,126.1
237,Memphis,109.3,0.531,0.147,0.258,18.2,110.4,0.522,0.142,0.254,22.1,2020,Memphis 2020,0.531,0.529,0.639,0.441,0.395,0.43,0.376,0.344,0.35200000000000004,109.3,93.2,0.255,0.7829999999999999,21.3,18.2,114.4,2.5,0.16899999999999998,121.2,1.6,0.7240000000000001,134.6,1.0,0.313,115.8
238,Sacramento,109.8,0.536,0.14400000000000002,0.244,17.5,112.6,0.547,0.15,0.249,22.2,2020,Sacramento 2020,0.536,0.531,0.636,0.401,0.43799999999999994,0.414,0.389,0.363,0.369,109.8,94.5,0.244,0.807,19.5,16.2,117.7,2.6,0.141,124.5,1.4,0.584,138.4,1.2,0.276,118.9
239,Chicago,106.6,0.52,0.155,0.255,17.6,110.0,0.55,0.18,0.268,24.1,2020,Chicago 2020,0.521,0.5489999999999999,0.606,0.371,0.361,0.368,0.385,0.345,0.354,106.6,89.2,0.259,0.784,20.3,17.2,115.7,3.0,0.165,124.0,2.0,0.6609999999999999,136.0,1.0,0.301,116.0
240,Detroit,109.4,0.53,0.155,0.264,19.6,113.2,0.5429999999999999,0.142,0.27,18.8,2020,Detroit 2020,0.53,0.54,0.624,0.381,0.39399999999999996,0.384,0.419,0.35100000000000003,0.371,109.4,93.5,0.268,0.815,19.0,17.5,106.2,2.5,0.134,123.9,1.3,0.631,127.5,1.3,0.259,123.9
241,Minnesota,108.5,0.518,0.145,0.251,20.8,112.7,0.546,0.14800000000000002,0.254,22.1,2020,Minnesota 2020,0.518,0.546,0.622,0.361,0.36200000000000004,0.361,0.337,0.34299999999999997,0.342,108.5,93.6,0.264,0.805,19.1,17.2,109.2,1.4,0.142,115.9,1.6,0.613,135.0,-0.1,0.263,107.2
242,Washington,110.6,0.523,0.13699999999999998,0.249,21.5,115.9,0.562,0.155,0.27699999999999997,23.2,2020,Washington 2020,0.523,0.528,0.644,0.365,0.39299999999999996,0.379,0.385,0.36700000000000005,0.37,110.6,94.0,0.244,0.795,19.1,15.9,118.1,3.2,0.156,126.3,1.7,0.6559999999999999,138.5,1.4,0.321,120.2
243,New York,106.5,0.503,0.147,0.28600000000000003,18.2,112.8,0.541,0.138,0.244,22.6,2020,New York 2020,0.503,0.5329999999999999,0.608,0.384,0.38799999999999996,0.386,0.376,0.331,0.341,106.5,89.1,0.29100000000000004,0.8009999999999999,23.2,20.4,110.0,1.6,0.132,117.0,1.6,0.627,136.0,0.1,0.22899999999999998,105.5
244,Charlotte,107.0,0.51,0.152,0.267,18.7,114.0,0.5489999999999999,0.147,0.282,16.2,2020,Charlotte 2020,0.51,0.544,0.594,0.344,0.33899999999999997,0.34299999999999997,0.39399999999999996,0.35100000000000003,0.361,107.0,90.3,0.275,0.802,20.1,17.9,109.8,1.7,0.14300000000000002,118.5,1.0,0.635,125.5,0.8,0.297,115.7
245,Atlanta,107.5,0.518,0.155,0.255,20.2,115.1,0.546,0.14300000000000002,0.27699999999999997,23.7,2020,Atlanta 2020,0.518,0.536,0.642,0.39899999999999997,0.381,0.39299999999999996,0.337,0.336,0.336,107.5,91.6,0.252,0.7929999999999999,19.5,16.5,115.0,2.3,0.159,119.3,1.0,0.695,121.1,1.3,0.306,119.1
246,Cleveland,107.5,0.525,0.16899999999999998,0.285,16.9,115.4,0.56,0.129,0.248,16.2,2020,Cleveland 2020,0.525,0.5329999999999999,0.605,0.43200000000000005,0.405,0.424,0.41100000000000003,0.344,0.359,107.5,90.6,0.294,0.8140000000000001,20.3,17.9,111.1,1.9,0.134,117.7,1.1,0.649,125.2,0.8,0.255,114.3
247,Golden State,104.9,0.5,0.14800000000000002,0.239,21.0,114.5,0.5579999999999999,0.153,0.268,19.6,2020,Golden State 2020,0.5,0.522,0.623,0.39,0.397,0.39299999999999996,0.396,0.326,0.34,104.9,90.0,0.24100000000000002,0.818,17.8,16.1,107.5,1.9,0.131,119.9,1.1,0.596,126.6,1.0,0.24100000000000002,117.8
248,Average,112.9,0.541,0.138,0.251,19.2,112.9,0.541,0.138,0.251,19.2,2021,Average 2021,0.541,0.545,0.6409999999999999,0.428,0.41700000000000004,0.424,0.39299999999999996,0.365,0.37200000000000005,112.9,96.9,0.256,0.8059999999999999,19.5,16.8,113.2,2.7,0.147,125.8,1.5,0.628,137.7,1.1,0.275,120.0
249,Utah,118.8,0.569,0.142,0.272,20.0,107.5,0.508,0.11699999999999999,0.22699999999999998,15.1,2021,Utah 2021,0.569,0.5489999999999999,0.655,0.449,0.38799999999999996,0.43700000000000006,0.40399999999999997,0.392,0.396,118.8,102.0,0.28,0.805,20.3,17.7,111.8,3.7,0.146,133.8,1.1,0.5870000000000001,133.9,2.5,0.272,133.2
250,LA Clippers,118.6,0.57,0.135,0.257,19.1,111.8,0.536,0.132,0.23600000000000002,18.2,2021,LA Clippers 2021,0.57,0.5379999999999999,0.6559999999999999,0.439,0.436,0.43799999999999994,0.465,0.39799999999999996,0.418,118.6,103.5,0.266,0.818,20.0,16.9,116.3,2.5,0.135,127.3,1.6,0.602,141.3,1.0,0.248,120.6
251,Phoenix,117.7,0.568,0.127,0.23600000000000002,17.6,111.5,0.5379999999999999,0.14,0.24600000000000002,19.4,2021,Phoenix 2021,0.568,0.532,0.674,0.509,0.466,0.491,0.43700000000000006,0.361,0.38299999999999995,117.7,102.7,0.239,0.8109999999999999,19.7,15.1,127.2,3.0,0.15,127.6,1.2,0.643,129.7,1.8,0.271,128.9
252,Brooklyn,119.4,0.581,0.133,0.235,21.0,113.7,0.534,0.126,0.262,18.7,2021,Brooklyn 2021,0.5820000000000001,0.5479999999999999,0.6559999999999999,0.474,0.462,0.47100000000000003,0.41200000000000003,0.39799999999999996,0.401,119.4,104.8,0.252,0.805,19.5,16.1,118.1,3.0,0.153,129.4,1.2,0.613,134.3,2.0,0.306,128.4
253,Milwaukee,117.5,0.5670000000000001,0.134,0.257,17.8,112.1,0.542,0.128,0.23,15.2,2021,Milwaukee 2021,0.5670000000000001,0.544,0.6779999999999999,0.44299999999999995,0.43200000000000005,0.43799999999999994,0.39899999999999997,0.385,0.38799999999999996,117.5,102.0,0.25,0.782,20.2,17.3,114.0,3.0,0.17800000000000002,123.7,1.7,0.626,140.9,1.3,0.33899999999999997,117.5
254,Denver,118.0,0.563,0.13699999999999998,0.284,17.5,112.5,0.5479999999999999,0.146,0.24,19.6,2021,Denver 2021,0.563,0.539,0.674,0.46299999999999997,0.43799999999999994,0.45399999999999996,0.43,0.368,0.38299999999999995,118.0,100.8,0.27699999999999997,0.7979999999999999,22.2,18.9,113.8,3.4,0.149,130.5,1.9,0.595,144.1,1.4,0.276,123.7
255,Philadelphia,113.7,0.5429999999999999,0.14400000000000002,0.266,22.8,108.2,0.526,0.153,0.248,19.3,2021,Philadelphia 2021,0.5429999999999999,0.536,0.632,0.446,0.45799999999999996,0.451,0.423,0.363,0.38,113.7,97.1,0.27,0.7929999999999999,21.7,18.4,114.4,2.5,0.16,122.7,1.8,0.609,136.3,0.7,0.28800000000000003,113.8
256,LA Lakers,110.9,0.54,0.153,0.255,19.9,108.1,0.531,0.153,0.23399999999999999,18.6,2021,LA Lakers 2021,0.54,0.5489999999999999,0.67,0.42700000000000005,0.36200000000000004,0.402,0.365,0.355,0.35700000000000004,110.9,94.3,0.254,0.8029999999999999,20.9,17.1,119.7,2.5,0.15,123.4,1.4,0.586,135.2,1.2,0.287,119.6
257,Portland,119.1,0.546,0.11199999999999999,0.263,19.7,116.7,0.552,0.128,0.255,19.8,2021,Portland 2021,0.546,0.546,0.611,0.377,0.44,0.406,0.385,0.39399999999999996,0.392,119.1,101.8,0.27,0.815,22.9,18.7,119.3,2.3,0.126,125.4,0.8,0.621,122.1,1.4,0.23600000000000002,127.0
258,Dallas,116.2,0.556,0.12300000000000001,0.23800000000000002,18.9,113.8,0.5379999999999999,0.128,0.252,19.8,2021,Dallas 2021,0.556,0.54,0.688,0.457,0.43,0.447,0.376,0.366,0.369,116.2,102.2,0.242,0.8370000000000001,17.6,15.0,114.7,2.0,0.11699999999999999,124.5,1.1,0.616,132.0,0.9,0.215,120.5
259,New York,110.7,0.526,0.135,0.253,18.6,108.4,0.511,0.132,0.249,19.4,2021,New York 2021,0.526,0.5379999999999999,0.598,0.395,0.414,0.402,0.425,0.382,0.395,110.7,94.5,0.261,0.831,18.8,16.4,111.8,2.0,0.121,124.7,1.2,0.581,133.3,0.9,0.209,121.2
260,Atlanta,115.5,0.542,0.133,0.268,22.6,113.2,0.5329999999999999,0.125,0.247,19.0,2021,Atlanta 2021,0.542,0.542,0.634,0.431,0.442,0.434,0.39399999999999996,0.369,0.375,115.5,99.2,0.273,0.7979999999999999,23.7,19.9,115.4,2.4,0.141,125.8,1.2,0.598,134.6,1.1,0.268,121.2
261,Boston,114.2,0.545,0.14,0.271,18.1,112.6,0.5429999999999999,0.14300000000000002,0.251,21.4,2021,Boston 2021,0.545,0.54,0.665,0.41600000000000004,0.41200000000000003,0.415,0.391,0.375,0.379,114.2,96.9,0.287,0.8079999999999999,20.1,18.0,108.9,3.0,0.14300000000000002,129.4,2.0,0.614,148.9,0.8,0.263,117.1
262,Memphis,112.3,0.528,0.131,0.27399999999999997,17.6,111.6,0.539,0.146,0.249,19.4,2021,Memphis 2021,0.528,0.536,0.637,0.442,0.41200000000000003,0.436,0.374,0.35,0.35700000000000004,112.3,92.4,0.28,0.772,23.2,19.5,115.5,4.0,0.174,131.6,2.2,0.654,146.1,1.9,0.322,124.5
263,Golden State,111.1,0.55,0.147,0.20800000000000002,19.1,110.7,0.526,0.146,0.258,22.9,2021,Golden State 2021,0.55,0.547,0.665,0.424,0.376,0.406,0.39799999999999996,0.369,0.376,111.1,98.4,0.218,0.8270000000000001,15.1,13.3,111.4,1.8,0.135,122.1,1.1,0.564,132.4,0.8,0.249,118.5
264,Miami,111.8,0.547,0.14400000000000002,0.223,20.2,111.7,0.545,0.157,0.252,18.4,2021,Miami 2021,0.547,0.5489999999999999,0.6809999999999999,0.41200000000000003,0.408,0.41,0.35200000000000004,0.366,0.36200000000000004,111.8,97.5,0.228,0.8170000000000001,15.9,13.7,114.4,2.8,0.149,126.7,1.7,0.627,135.6,1.1,0.271,122.0
265,Indiana,112.5,0.544,0.131,0.231,17.8,112.9,0.534,0.14400000000000002,0.285,20.2,2021,Indiana 2021,0.544,0.555,0.624,0.431,0.424,0.429,0.41,0.35200000000000004,0.365,112.5,96.8,0.23399999999999999,0.805,17.9,14.3,123.4,3.2,0.155,129.1,1.8,0.6609999999999999,140.4,1.2,0.287,121.5
266,New Orleans,114.0,0.54,0.14400000000000002,0.28600000000000003,21.6,114.7,0.555,0.131,0.231,18.9,2021,New Orleans 2021,0.54,0.557,0.636,0.414,0.44,0.424,0.35100000000000003,0.35200000000000004,0.35200000000000004,114.0,96.0,0.292,0.7879999999999999,25.3,21.6,113.5,2.8,0.152,125.8,1.4,0.655,133.1,1.4,0.284,122.8
267,San Antonio,111.8,0.521,0.113,0.23,18.9,112.8,0.541,0.132,0.249,17.4,2021,San Antonio 2021,0.521,0.531,0.627,0.42700000000000005,0.446,0.435,0.37,0.353,0.35700000000000004,111.8,97.2,0.23399999999999999,0.812,17.5,15.7,109.2,2.0,0.14,121.2,1.2,0.6409999999999999,131.6,0.8,0.265,116.0
268,Toronto,112.3,0.532,0.132,0.24,19.9,113.5,0.5479999999999999,0.162,0.276,23.4,2021,Toronto 2021,0.532,0.551,0.624,0.385,0.39,0.387,0.376,0.37,0.37200000000000005,112.3,95.6,0.244,0.7929999999999999,17.9,15.2,115.6,3.4,0.166,127.5,1.7,0.631,137.5,1.7,0.32799999999999996,124.0
269,Chicago,111.8,0.551,0.15,0.249,15.3,113.1,0.542,0.126,0.221,19.8,2021,Chicago 2021,0.551,0.547,0.649,0.441,0.423,0.435,0.424,0.36,0.376,111.8,95.8,0.252,0.823,20.7,17.0,119.0,2.7,0.129,129.8,1.6,0.605,143.4,1.2,0.24100000000000002,124.1
270,Washington,111.6,0.5329999999999999,0.136,0.23800000000000002,22.1,113.2,0.54,0.14,0.251,21.5,2021,Washington 2021,0.534,0.53,0.667,0.462,0.42100000000000004,0.447,0.365,0.35200000000000004,0.35600000000000004,111.6,96.2,0.247,0.78,18.6,16.1,113.8,2.8,0.17800000000000002,122.8,1.7,0.669,141.4,1.0,0.366,115.2
271,Charlotte,111.0,0.537,0.151,0.261,17.7,113.5,0.556,0.14800000000000002,0.261,16.4,2021,Charlotte 2021,0.537,0.555,0.604,0.409,0.39799999999999996,0.406,0.415,0.364,0.376,111.0,94.7,0.266,0.794,18.0,17.2,102.0,2.9,0.158,125.9,2.4,0.6679999999999999,151.0,0.5,0.3,111.9
272,Sacramento,114.2,0.5529999999999999,0.133,0.242,18.5,117.6,0.5589999999999999,0.136,0.275,20.3,2021,Sacramento 2021,0.5529999999999999,0.541,0.674,0.451,0.415,0.441,0.43,0.353,0.371,114.2,98.3,0.243,0.8029999999999999,18.5,16.5,109.5,3.7,0.149,132.4,2.0,0.644,147.6,1.6,0.306,124.6
273,Detroit,108.4,0.52,0.152,0.257,20.7,113.2,0.5429999999999999,0.141,0.262,19.5,2021,Detroit 2021,0.519,0.551,0.629,0.375,0.389,0.379,0.35,0.353,0.35200000000000004,108.4,91.8,0.262,0.812,19.0,16.3,114.6,2.0,0.14,120.7,1.5,0.621,136.8,0.6,0.271,112.9
274,Minnesota,110.1,0.523,0.141,0.26,19.3,116.2,0.5589999999999999,0.14800000000000002,0.271,20.7,2021,Minnesota 2021,0.523,0.556,0.615,0.379,0.37,0.376,0.37,0.35200000000000004,0.35600000000000004,110.1,93.9,0.261,0.799,19.1,17.6,105.8,2.3,0.14800000000000002,122.1,1.8,0.72,134.5,0.5,0.255,113.2
275,Houston,107.7,0.526,0.146,0.226,18.7,116.2,0.56,0.14400000000000002,0.268,20.2,2021,Houston 2021,0.527,0.561,0.642,0.37,0.321,0.353,0.35100000000000003,0.344,0.34600000000000003,107.7,93.0,0.23600000000000002,0.83,16.6,14.5,113.0,2.0,0.129,123.8,1.4,0.659,133.6,0.4,0.226,115.1
276,Cleveland,106.3,0.512,0.16,0.275,19.2,115.1,0.56,0.14300000000000002,0.254,18.5,2021,Cleveland 2021,0.512,0.551,0.603,0.41700000000000004,0.373,0.40700000000000003,0.377,0.331,0.342,106.3,89.2,0.27699999999999997,0.8079999999999999,19.3,17.9,104.8,2.1,0.142,122.4,1.9,0.639,143.1,0.3,0.267,110.2
277,Orlando,105.6,0.495,0.131,0.239,18.1,114.7,0.5489999999999999,0.129,0.245,17.1,2021,Orlando 2021,0.495,0.528,0.605,0.39299999999999996,0.40299999999999997,0.397,0.361,0.348,0.35,105.6,88.7,0.242,0.802,18.5,16.4,110.0,2.5,0.145,125.3,1.3,0.62,135.1,1.2,0.27699999999999997,120.4
278,Oklahoma City,103.9,0.514,0.16,0.23800000000000002,17.1,115.1,0.5489999999999999,0.125,0.249,16.9,2021,Oklahoma City 2021,0.514,0.552,0.595,0.409,0.386,0.40299999999999997,0.38,0.34,0.348,103.9,89.9,0.247,0.812,16.9,16.3,100.6,1.1,0.139,115.5,1.0,0.634,130.3,0.2,0.263,109.9
279,Average,111.4,0.531,0.14,0.261,19.0,111.4,0.531,0.14,0.261,19.0,2022,Average 2022,0.531,0.535,0.648,0.425,0.41100000000000003,0.42,0.38299999999999995,0.34600000000000003,0.355,111.4,94.9,0.265,0.8,19.7,17.3,110.7,2.7,0.15,124.3,1.6,0.623,138.0,1.1,0.282,117.7
280,Phoenix,115.4,0.552,0.127,0.245,18.0,106.6,0.51,0.14800000000000002,0.26,18.1,2022,Phoenix 2022,0.552,0.514,0.677,0.49200000000000005,0.462,0.48200000000000004,0.396,0.364,0.373,115.4,99.5,0.247,0.7959999999999999,18.8,17.0,108.1,3.7,0.155,131.9,2.1,0.617,145.6,1.7,0.267,126.1
281,Utah,117.5,0.562,0.14400000000000002,0.282,20.6,109.9,0.522,0.124,0.252,15.4,2022,Utah 2022,0.562,0.539,0.691,0.451,0.41600000000000004,0.446,0.39799999999999996,0.359,0.37,117.5,100.7,0.29600000000000004,0.8079999999999999,23.1,18.8,120.0,2.5,0.139,123.6,1.5,0.598,140.2,1.0,0.254,116.0
282,Golden State,112.6,0.5529999999999999,0.153,0.257,17.8,106.9,0.514,0.153,0.256,20.0,2022,Golden State 2022,0.5529999999999999,0.539,0.701,0.426,0.37799999999999995,0.409,0.34700000000000003,0.371,0.365,112.6,97.5,0.26,0.799,19.0,17.0,108.9,2.3,0.153,120.2,1.8,0.615,135.1,0.6,0.25,110.9
283,Miami,113.5,0.545,0.15,0.271,20.2,108.1,0.524,0.157,0.251,20.3,2022,Miami 2022,0.545,0.535,0.655,0.423,0.385,0.41100000000000003,0.41700000000000004,0.366,0.38299999999999995,113.5,96.5,0.27699999999999997,0.8059999999999999,18.6,17.0,106.9,3.6,0.145,132.9,1.6,0.561,141.6,2.0,0.276,130.1
284,Boston,112.1,0.53,0.14,0.264,19.9,106.6,0.502,0.14400000000000002,0.266,18.3,2022,Boston 2022,0.53,0.532,0.6829999999999999,0.406,0.41200000000000003,0.409,0.392,0.331,0.34700000000000003,112.1,96.2,0.268,0.8079999999999999,20.6,18.1,110.5,1.9,0.139,120.6,1.5,0.599,138.8,0.4,0.248,112.4
285,Memphis,114.9,0.524,0.131,0.326,18.5,109.6,0.527,0.15,0.259,18.8,2022,Memphis 2022,0.523,0.536,0.637,0.42,0.395,0.415,0.365,0.345,0.35,114.9,92.6,0.32899999999999996,0.747,26.9,22.6,115.3,4.2,0.188,127.1,2.7,0.665,146.0,1.3,0.33899999999999997,114.7
286,Milwaukee,115.2,0.5479999999999999,0.133,0.258,19.8,110.5,0.532,0.133,0.24100000000000002,16.4,2022,Milwaukee 2022,0.5479999999999999,0.535,0.6729999999999999,0.435,0.41100000000000003,0.426,0.39,0.36200000000000004,0.369,115.2,98.9,0.26899999999999996,0.785,20.4,17.8,111.8,2.7,0.16899999999999998,123.1,1.5,0.602,138.5,1.4,0.32799999999999996,118.4
287,Minnesota,113.9,0.5379999999999999,0.14300000000000002,0.281,18.8,110.2,0.531,0.165,0.282,23.2,2022,Minnesota 2022,0.5379999999999999,0.545,0.642,0.423,0.381,0.41100000000000003,0.385,0.349,0.358,113.9,96.0,0.289,0.7759999999999999,22.8,19.9,111.0,2.7,0.16699999999999998,122.5,1.8,0.6940000000000001,135.0,0.8,0.306,114.1
288,Cleveland,111.0,0.536,0.152,0.266,19.5,107.8,0.513,0.14400000000000002,0.265,16.0,2022,Cleveland 2022,0.536,0.541,0.6629999999999999,0.39899999999999997,0.428,0.40700000000000003,0.348,0.353,0.35100000000000003,111.0,93.2,0.278,0.8029999999999999,21.5,18.7,112.0,3.2,0.14300000000000002,129.5,1.8,0.581,146.8,1.4,0.26899999999999996,121.0
289,Dallas,112.3,0.534,0.128,0.245,18.6,109.1,0.523,0.142,0.253,18.0,2022,Dallas 2022,0.534,0.527,0.685,0.449,0.41200000000000003,0.43700000000000006,0.397,0.33,0.348,112.3,98.7,0.252,0.833,14.9,14.6,100.0,1.1,0.128,114.8,0.7,0.564,122.4,0.4,0.23399999999999999,111.6
290,Philadelphia,112.6,0.532,0.129,0.228,22.5,110.0,0.52,0.13699999999999998,0.264,18.9,2022,Philadelphia 2022,0.532,0.529,0.6579999999999999,0.413,0.44299999999999995,0.424,0.373,0.36,0.364,112.6,98.3,0.23600000000000002,0.812,17.2,15.2,110.6,2.5,0.146,125.9,1.7,0.634,140.1,0.9,0.268,118.9
291,Denver,113.2,0.552,0.147,0.25,18.7,110.6,0.534,0.133,0.231,17.8,2022,Denver 2022,0.551,0.54,0.69,0.444,0.434,0.441,0.377,0.34299999999999997,0.35200000000000004,113.2,97.4,0.252,0.802,19.0,16.1,115.8,3.0,0.156,127.6,1.2,0.638,129.4,1.6,0.289,125.2
292,Chicago,114.3,0.5489999999999999,0.13,0.233,19.9,112.8,0.537,0.133,0.251,19.4,2022,Chicago 2022,0.5489999999999999,0.528,0.6509999999999999,0.467,0.43799999999999994,0.45299999999999996,0.435,0.35600000000000004,0.379,114.3,99.2,0.23199999999999998,0.8170000000000001,16.8,14.8,111.7,3.8,0.141,133.2,2.3,0.634,156.4,1.4,0.264,120.8
293,Toronto,112.0,0.51,0.131,0.307,17.7,110.7,0.537,0.165,0.281,20.4,2022,Toronto 2022,0.51,0.528,0.621,0.41,0.39299999999999996,0.40399999999999997,0.408,0.33799999999999997,0.35600000000000004,112.0,90.9,0.312,0.759,23.5,21.0,107.5,3.4,0.183,124.3,2.0,0.643,137.2,1.4,0.359,118.0
294,Atlanta,115.0,0.542,0.122,0.257,20.4,114.7,0.545,0.126,0.25,17.6,2022,Atlanta 2022,0.542,0.53,0.652,0.42700000000000005,0.431,0.428,0.401,0.368,0.376,115.0,100.1,0.256,0.8079999999999999,18.3,17.4,102.2,2.9,0.139,127.8,1.2,0.5760000000000001,136.4,1.4,0.27,122.6
295,Charlotte,112.6,0.535,0.13,0.257,17.6,112.8,0.544,0.14800000000000002,0.275,19.0,2022,Charlotte 2022,0.535,0.55,0.635,0.37200000000000005,0.43,0.38799999999999996,0.368,0.358,0.361,112.6,95.2,0.26,0.78,19.1,17.4,107.0,3.9,0.17,129.5,2.5,0.7140000000000001,142.9,1.5,0.312,123.3
296,Brooklyn,113.3,0.537,0.139,0.262,19.4,113.5,0.525,0.132,0.27899999999999997,20.1,2022,Brooklyn 2022,0.536,0.527,0.62,0.455,0.47700000000000004,0.46399999999999997,0.382,0.355,0.36200000000000004,113.3,96.9,0.256,0.802,19.3,17.0,110.1,2.9,0.153,126.1,1.1,0.648,126.9,1.8,0.303,125.7
297,LA Clippers,108.8,0.529,0.145,0.24100000000000002,17.1,109.0,0.512,0.139,0.276,16.5,2022,LA Clippers 2022,0.529,0.524,0.64,0.452,0.376,0.42,0.41100000000000003,0.36200000000000004,0.373,108.8,95.0,0.24100000000000002,0.799,15.9,14.8,104.5,1.3,0.16399999999999998,113.7,1.0,0.613,126.4,0.4,0.319,108.9
298,New York,110.2,0.513,0.139,0.27899999999999997,20.3,110.9,0.521,0.13,0.248,20.0,2022,New York 2022,0.513,0.537,0.62,0.373,0.379,0.376,0.379,0.35,0.35700000000000004,110.2,91.7,0.28800000000000003,0.8029999999999999,21.9,19.1,111.6,2.7,0.13699999999999998,126.1,1.5,0.635,137.2,1.2,0.248,120.6
299,San Antonio,112.0,0.528,0.126,0.268,15.0,112.8,0.536,0.13699999999999998,0.27699999999999997,17.5,2022,San Antonio 2022,0.528,0.528,0.639,0.45299999999999996,0.419,0.44299999999999995,0.381,0.344,0.353,112.0,95.1,0.271,0.787,19.8,18.1,106.4,2.8,0.162,123.3,1.9,0.667,140.6,0.7,0.319,112.7
300,Indiana,112.4,0.5329999999999999,0.147,0.292,18.4,114.7,0.54,0.13,0.26,20.9,2022,Indiana 2022,0.5329999999999999,0.542,0.649,0.42200000000000004,0.415,0.42,0.369,0.341,0.348,112.4,94.7,0.293,0.81,21.4,18.3,113.2,2.5,0.134,123.4,1.4,0.6459999999999999,136.7,1.0,0.25,116.0
301,LA Lakers,109.4,0.534,0.146,0.242,18.4,112.2,0.5379999999999999,0.14400000000000002,0.26899999999999996,19.0,2022,LA Lakers 2022,0.535,0.547,0.657,0.38799999999999996,0.39299999999999996,0.39,0.387,0.337,0.349,109.4,93.8,0.245,0.787,18.1,16.6,106.2,2.7,0.17,122.6,1.5,0.5870000000000001,136.6,1.3,0.34600000000000003,118.0
302,New Orleans,109.7,0.516,0.14800000000000002,0.281,20.1,112.5,0.541,0.14,0.248,19.9,2022,New Orleans 2022,0.516,0.536,0.634,0.436,0.4,0.42200000000000004,0.379,0.316,0.332,109.7,91.1,0.29,0.792,21.7,19.0,111.4,2.9,0.156,125.7,1.4,0.63,133.0,1.6,0.299,123.3
303,Washington,110.5,0.532,0.136,0.237,19.5,113.3,0.525,0.11900000000000001,0.259,20.6,2022,Washington 2022,0.532,0.532,0.6970000000000001,0.408,0.413,0.409,0.39899999999999997,0.32299999999999995,0.34299999999999997,110.5,96.3,0.242,0.8170000000000001,19.0,15.4,121.0,1.7,0.135,120.1,0.9,0.589,126.5,0.9,0.27,117.2
304,Sacramento,109.7,0.525,0.14300000000000002,0.253,19.6,115.6,0.55,0.133,0.271,17.8,2022,Sacramento 2022,0.525,0.5329999999999999,0.655,0.42200000000000004,0.423,0.42200000000000004,0.377,0.33399999999999996,0.344,109.7,92.8,0.257,0.802,19.1,16.3,114.9,3.1,0.153,126.8,2.1,0.615,153.2,1.0,0.299,115.9
305,Portland,109.3,0.523,0.14300000000000002,0.254,19.3,115.2,0.556,0.13699999999999998,0.24600000000000002,20.6,2022,Portland 2022,0.523,0.54,0.6,0.425,0.40399999999999997,0.41700000000000004,0.385,0.35,0.358,109.3,93.2,0.266,0.818,19.9,17.3,112.5,1.7,0.129,121.0,1.4,0.615,136.8,0.3,0.231,111.7
306,Oklahoma City,103.5,0.493,0.136,0.242,16.8,111.6,0.532,0.13699999999999998,0.26,16.5,2022,Oklahoma City 2022,0.493,0.534,0.594,0.433,0.39299999999999996,0.424,0.345,0.311,0.318,103.5,87.9,0.23600000000000002,0.809,15.6,14.7,103.5,2.4,0.145,122.0,1.6,0.622,137.8,0.9,0.258,113.8
307,Orlando,104.3,0.503,0.149,0.235,17.8,112.9,0.534,0.134,0.257,19.6,2022,Orlando 2022,0.504,0.537,0.632,0.39899999999999997,0.353,0.385,0.364,0.324,0.332,104.3,88.8,0.24,0.8079999999999999,17.6,14.8,117.0,1.9,0.146,119.7,1.5,0.619,138.1,0.4,0.285,110.9
308,Detroit,104.7,0.491,0.146,0.261,19.1,113.9,0.546,0.14800000000000002,0.28,22.3,2022,Detroit 2022,0.491,0.541,0.595,0.374,0.382,0.377,0.358,0.318,0.33,104.7,87.1,0.257,0.799,20.1,18.3,105.7,2.5,0.141,125.0,1.5,0.607,137.8,0.9,0.281,117.7
309,Houston,107.8,0.534,0.16699999999999998,0.252,20.4,117.6,0.561,0.138,0.276,20.4,2022,Houston 2022,0.534,0.556,0.636,0.366,0.303,0.35200000000000004,0.35,0.354,0.353,107.8,91.9,0.257,0.8320000000000001,19.9,15.8,124.5,1.4,0.121,116.7,1.2,0.609,130.4,0.4,0.23,111.9
