,Team,OFFENSE: Pts/Poss,OFFENSE: eFG%,OFFENSE: TOV%,OFFENSE: ORB%,OFFENSE: FT Rate,DEFENSE: Pts/Poss,DEFENSE: eFG%,DEFENSE: TOV%,DEFENSE: ORB%,DEFENSE: FT Rate,year,team_year,eFG%,Loc eFG%,Accuracy at Rim,Accuracy on Short Midrange,Accuracy on Long Midrange,Accuracy on All Midrange,Accuracy on Corner Threes,Accuracy on Non Corner Threes,Accuracy on All Threes,HALFCOURT: Pts/Play,HALFCOURT: OREB%,HALFCOURT: % of Plays,PUTBACKS: Pts/Miss,PUTBACKS: Plays/Miss,PUTBACKS: Pts/Play,ALL TRANSITION: Pts+/Poss,ALL TRANSITION: Freq,ALL TRANSITION: Pts/Play,OFF STEALS: Pts+/Poss,OFF STEALS: Freq,OFF STEALS: Pts/Play,OFF LIVE REBOUNDS: Pts+/Poss,OFF LIVE REBOUNDS: Freq,OFF LIVE REBOUNDS: Pts/Play,Frequency Rim,Frequency Short Midrange,Frequency Long Midrange,Frequency all Midrange,Frequency Corner Threes,Frequency Non Corner Threes,Frequency All Threes
0,Average,105.8,0.499,0.157,0.291,20.4,105.8,0.499,0.157,0.291,20.4,2013,Average 2013,0.499,0.504,0.604,0.384,0.396,0.391,0.39,0.358,0.367,87.4,0.294,0.802,19.0,17.5,105.5,3.7,0.141,125.4,2.1,0.582,140.1,1.7,0.266,117.6,0.364,0.185,0.231,0.416,0.063,0.158,0.22
1,Oklahoma City,112.2,0.529,0.161,0.286,28.6,101.7,0.471,0.157,0.293,19.2,2013,Oklahoma City 2013,0.529,0.501,0.652,0.409,0.423,0.417,0.423,0.362,0.378,93.0,0.289,0.787,20.4,18.4,108.7,5.8,0.157,135.8,2.8,0.622,147.3,2.9,0.285,129.2,0.354,0.193,0.236,0.43,0.058,0.158,0.216
2,Miami,113.4,0.557,0.152,0.252,22.6,104.2,0.494,0.171,0.309,19.9,2013,Miami 2013,0.557,0.509,0.682,0.392,0.437,0.419,0.433,0.386,0.405,98.3,0.252,0.815,15.4,13.5,112.0,3.8,0.149,125.1,2.3,0.588,139.8,1.6,0.272,116.8,0.355,0.165,0.225,0.39,0.104,0.151,0.255
3,LA Clippers,111.5,0.529,0.16,0.315,20.4,103.7,0.496,0.177,0.294,22.9,2013,LA Clippers 2013,0.529,0.508,0.658,0.421,0.406,0.412,0.387,0.353,0.365,90.9,0.327,0.78,20.6,18.5,108.5,4.7,0.171,126.1,2.9,0.636,143.5,1.8,0.294,116.9,0.364,0.165,0.229,0.394,0.086,0.156,0.242
4,San Antonio,108.0,0.531,0.154,0.232,20.6,101.1,0.482,0.156,0.271,18.0,2013,San Antonio 2013,0.532,0.509,0.634,0.417,0.425,0.421,0.412,0.36,0.379,95.1,0.235,0.82,13.4,12.3,106.8,2.6,0.145,117.3,1.9,0.573,134.6,0.7,0.263,107.3,0.373,0.192,0.196,0.387,0.088,0.152,0.24
5,Denver,110.9,0.519,0.158,0.331,22.0,105.0,0.496,0.166,0.31,19.2,2013,Denver 2013,0.519,0.527,0.631,0.352,0.359,0.355,0.346,0.356,0.353,88.0,0.332,0.752,23.7,20.8,110.0,6.2,0.185,133.0,3.2,0.674,148.5,2.9,0.354,123.6,0.493,0.17,0.144,0.315,0.07,0.122,0.193
6,Memphis,105.2,0.476,0.156,0.337,20.4,99.7,0.478,0.174,0.286,21.0,2013,Memphis 2013,0.476,0.495,0.561,0.396,0.396,0.396,0.394,0.347,0.362,83.7,0.335,0.796,21.8,21.2,98.6,4.3,0.128,132.3,2.6,0.578,143.5,1.7,0.21,122.9,0.378,0.231,0.245,0.476,0.045,0.101,0.146
7,New York,111.2,0.518,0.134,0.28,19.8,105.9,0.51,0.167,0.278,21.7,2013,New York 2013,0.518,0.516,0.588,0.366,0.409,0.396,0.384,0.384,0.384,92.9,0.281,0.829,19.8,16.7,115.3,3.4,0.114,128.4,2.1,0.495,143.0,1.3,0.2,119.7,0.347,0.106,0.224,0.33,0.081,0.242,0.323
8,Indiana,104.4,0.482,0.167,0.323,21.9,99.6,0.457,0.152,0.286,19.8,2013,Indiana 2013,0.482,0.5,0.593,0.382,0.378,0.38,0.356,0.352,0.353,83.4,0.322,0.797,22.0,20.8,101.2,3.8,0.134,128.4,1.9,0.584,140.4,1.8,0.234,121.6,0.349,0.218,0.212,0.43,0.059,0.162,0.221
9,Houston,109.8,0.526,0.168,0.29,23.4,106.6,0.505,0.152,0.276,19.9,2013,Houston 2013,0.526,0.532,0.613,0.35,0.368,0.358,0.39,0.36,0.369,91.9,0.301,0.773,19.1,18.2,101.4,4.2,0.177,123.1,2.3,0.668,139.7,1.8,0.338,114.9,0.429,0.14,0.119,0.259,0.094,0.218,0.312
10,Brooklyn,108.6,0.503,0.162,0.333,21.8,106.3,0.508,0.15,0.284,17.2,2013,Brooklyn 2013,0.503,0.505,0.589,0.412,0.405,0.408,0.405,0.345,0.367,89.8,0.332,0.819,20.4,19.9,98.7,2.7,0.111,120.8,1.8,0.496,139.8,0.8,0.202,109.4,0.349,0.218,0.188,0.406,0.09,0.155,0.245
11,LA Lakers,108.3,0.515,0.16,0.298,24.1,106.7,0.499,0.138,0.285,16.3,2013,LA Lakers 2013,0.515,0.512,0.628,0.381,0.412,0.398,0.369,0.355,0.359,90.7,0.311,0.813,22.1,20.3,105.0,2.7,0.124,121.7,1.7,0.544,137.8,1.0,0.229,112.9,0.365,0.175,0.187,0.362,0.076,0.197,0.273
12,Chicago,103.6,0.471,0.158,0.323,20.3,102.5,0.479,0.152,0.286,20.5,2013,Chicago 2013,0.472,0.496,0.59,0.345,0.371,0.361,0.346,0.366,0.362,83.5,0.324,0.808,22.6,21.3,102.8,3.0,0.111,125.3,1.9,0.523,141.6,1.1,0.197,114.3,0.37,0.179,0.283,0.462,0.04,0.128,0.168
13,Atlanta,105.3,0.523,0.158,0.242,17.3,104.4,0.499,0.164,0.288,18.2,2013,Atlanta 2013,0.523,0.507,0.654,0.375,0.393,0.385,0.429,0.366,0.384,88.1,0.243,0.783,15.2,13.3,111.9,4.7,0.178,125.9,2.2,0.65,138.3,2.5,0.35,120.1,0.348,0.166,0.222,0.388,0.075,0.189,0.264
14,Golden State,106.2,0.51,0.16,0.27,20.0,106.0,0.491,0.14,0.276,21.2,2013,Golden State 2013,0.51,0.49,0.609,0.383,0.414,0.401,0.46,0.399,0.414,89.0,0.275,0.805,17.7,16.8,103.5,4.1,0.138,130.4,1.3,0.596,127.7,2.8,0.258,131.7,0.305,0.213,0.263,0.476,0.053,0.166,0.219
15,Utah,106.4,0.496,0.161,0.313,21.1,106.2,0.502,0.159,0.29,22.3,2013,Utah 2013,0.496,0.495,0.621,0.381,0.383,0.382,0.381,0.379,0.38,86.6,0.315,0.803,19.3,17.5,107.3,3.7,0.141,123.5,2.2,0.54,140.9,1.5,0.266,114.3,0.351,0.205,0.257,0.462,0.044,0.143,0.187
16,Boston,103.3,0.507,0.155,0.225,20.6,103.5,0.485,0.163,0.297,21.4,2013,Boston 2013,0.507,0.499,0.598,0.4,0.44,0.426,0.401,0.35,0.368,89.2,0.225,0.809,14.0,12.8,107.0,3.4,0.155,121.2,2.0,0.565,137.2,1.5,0.305,113.9,0.353,0.163,0.289,0.452,0.07,0.125,0.195
17,Dallas,106.1,0.51,0.147,0.244,19.0,106.5,0.496,0.154,0.29,22.9,2013,Dallas 2013,0.51,0.489,0.609,0.422,0.431,0.427,0.365,0.389,0.383,90.4,0.244,0.797,15.0,14.4,102.2,4.2,0.153,126.6,1.8,0.557,137.4,2.3,0.3,122.0,0.301,0.238,0.247,0.484,0.052,0.163,0.215
18,Milwaukee,103.5,0.48,0.147,0.3,17.4,105.0,0.494,0.167,0.313,20.1,2013,Milwaukee 2013,0.48,0.506,0.566,0.349,0.379,0.367,0.386,0.363,0.369,83.3,0.295,0.786,21.3,19.8,103.4,4.0,0.144,125.6,2.0,0.616,135.1,1.9,0.269,119.4,0.383,0.171,0.233,0.404,0.054,0.159,0.213
19,Toronto,105.7,0.491,0.149,0.284,21.2,108.0,0.505,0.155,0.299,24.7,2013,Toronto 2013,0.49,0.495,0.624,0.416,0.379,0.394,0.352,0.347,0.348,87.5,0.28,0.838,17.9,14.9,117.0,3.1,0.11,126.8,2.1,0.514,151.3,1.0,0.205,113.2,0.32,0.188,0.266,0.454,0.049,0.177,0.226
20,Minnesota,102.5,0.474,0.159,0.304,22.9,105.0,0.514,0.171,0.282,18.4,2013,Minnesota 2013,0.474,0.508,0.587,0.344,0.404,0.382,0.362,0.292,0.309,83.1,0.311,0.804,19.6,18.5,103.0,3.6,0.136,125.2,2.4,0.603,141.0,1.2,0.238,114.0,0.401,0.15,0.253,0.403,0.047,0.149,0.196
21,Washington,99.7,0.477,0.162,0.267,19.2,102.9,0.485,0.157,0.281,20.7,2013,Washington 2013,0.477,0.49,0.588,0.39,0.378,0.383,0.456,0.328,0.373,82.1,0.274,0.807,14.5,14.9,95.6,4.3,0.147,129.7,2.1,0.565,147.0,2.2,0.285,122.6,0.31,0.213,0.274,0.487,0.072,0.131,0.203
22,Philadelphia,102.2,0.485,0.143,0.279,14.3,105.6,0.498,0.157,0.293,20.1,2013,Philadelphia 2013,0.485,0.493,0.586,0.404,0.388,0.394,0.378,0.367,0.37,84.4,0.278,0.807,18.1,16.4,106.7,3.1,0.135,121.8,2.0,0.569,143.0,1.0,0.26,110.2,0.333,0.183,0.293,0.476,0.062,0.129,0.191
23,Portland,106.0,0.504,0.158,0.279,19.3,109.5,0.514,0.142,0.288,19.1,2013,Portland 2013,0.504,0.507,0.6,0.399,0.401,0.401,0.394,0.353,0.364,88.7,0.288,0.819,20.6,17.4,115.2,2.4,0.117,118.7,1.7,0.555,142.2,0.8,0.232,107.1,0.351,0.148,0.239,0.387,0.066,0.196,0.262
24,Detroit,103.3,0.489,0.167,0.309,19.5,108.2,0.506,0.149,0.293,21.0,2013,Detroit 2013,0.489,0.515,0.584,0.352,0.359,0.356,0.359,0.368,0.366,83.9,0.312,0.79,20.2,19.5,100.0,3.6,0.151,121.5,2.1,0.658,136.9,1.6,0.298,114.5,0.44,0.178,0.19,0.367,0.056,0.137,0.193
25,New Orleans,105.2,0.492,0.164,0.319,19.1,110.7,0.523,0.148,0.284,21.0,2013,New Orleans 2013,0.492,0.503,0.578,0.384,0.397,0.391,0.385,0.369,0.372,84.7,0.329,0.822,24.2,20.0,117.9,3.4,0.108,131.2,1.5,0.457,144.4,1.9,0.223,126.1,0.381,0.211,0.206,0.416,0.038,0.165,0.203
26,Sacramento,105.6,0.493,0.154,0.293,20.9,111.3,0.519,0.156,0.313,23.1,2013,Sacramento 2013,0.493,0.507,0.592,0.385,0.36,0.372,0.386,0.367,0.372,86.1,0.289,0.781,20.3,19.0,103.2,4.4,0.155,128.5,2.3,0.684,136.1,2.2,0.305,124.3,0.38,0.195,0.205,0.399,0.063,0.158,0.221
27,Cleveland,103.7,0.474,0.153,0.313,20.0,109.7,0.525,0.164,0.298,22.7,2013,Cleveland 2013,0.474,0.5,0.56,0.357,0.412,0.385,0.349,0.356,0.355,84.6,0.322,0.812,18.5,17.2,105.2,2.7,0.128,117.7,1.8,0.567,134.5,1.0,0.246,108.3,0.361,0.217,0.216,0.433,0.048,0.159,0.206
28,Phoenix,101.2,0.48,0.165,0.298,17.5,107.8,0.513,0.161,0.301,20.8,2013,Phoenix 2013,0.48,0.494,0.616,0.352,0.4,0.381,0.367,0.325,0.337,83.2,0.297,0.798,17.0,17.3,95.4,3.4,0.14,123.2,1.9,0.598,135.9,1.5,0.275,116.3,0.34,0.188,0.282,0.469,0.056,0.135,0.191
29,Orlando,101.4,0.486,0.156,0.28,14.7,109.8,0.51,0.133,0.284,19.6,2013,Orlando 2013,0.486,0.497,0.601,0.424,0.379,0.398,0.363,0.326,0.335,85.3,0.283,0.821,18.7,17.2,105.9,1.9,0.119,114.3,1.2,0.525,129.5,0.7,0.235,107.6,0.343,0.197,0.249,0.445,0.052,0.16,0.212
30,Charlotte,101.3,0.463,0.154,0.295,23.2,111.7,0.528,0.153,0.307,19.9,2013,Charlotte 2013,0.463,0.503,0.552,0.339,0.384,0.366,0.392,0.334,0.347,81.0,0.297,0.79,17.0,15.7,105.0,4.5,0.159,126.7,2.1,0.589,141.7,2.4,0.344,120.4,0.388,0.178,0.25,0.427,0.04,0.145,0.185
31,Average,106.7,0.504,0.154,0.282,21.6,106.7,0.504,0.154,0.282,21.6,2014,Average 2014,0.504,0.508,0.608,0.391,0.398,0.395,0.39,0.358,0.366,88.7,0.284,0.804,18.5,16.9,107.0,3.7,0.141,125.4,1.9,0.59,139.4,1.7,0.268,118.2,0.361,0.187,0.217,0.405,0.062,0.173,0.235
32,San Antonio,110.6,0.539,0.151,0.25,19.1,102.2,0.484,0.146,0.26,18.2,2014,San Antonio 2014,0.539,0.508,0.649,0.424,0.41,0.416,0.403,0.399,0.4,94.3,0.247,0.827,15.6,13.0,117.7,4.2,0.136,131.0,2.3,0.563,151.0,1.8,0.248,120.3,0.357,0.192,0.214,0.406,0.074,0.163,0.237
33,LA Clippers,112.2,0.526,0.143,0.279,26.1,105.1,0.487,0.16,0.302,22.3,2014,LA Clippers 2014,0.526,0.51,0.677,0.393,0.415,0.407,0.405,0.331,0.354,92.8,0.287,0.778,18.6,16.5,109.9,5.4,0.175,130.3,3.0,0.643,149.0,2.4,0.332,120.8,0.347,0.145,0.246,0.39,0.081,0.181,0.263
34,Oklahoma City,110.8,0.522,0.158,0.286,24.7,103.8,0.49,0.158,0.274,22.2,2014,Oklahoma City 2014,0.522,0.507,0.635,0.409,0.428,0.42,0.35,0.372,0.366,91.8,0.285,0.789,20.1,17.4,112.6,5.0,0.161,131.4,2.4,0.606,146.8,2.6,0.3,124.4,0.348,0.184,0.219,0.403,0.061,0.187,0.248
35,Golden State,107.9,0.523,0.155,0.27,18.6,102.0,0.477,0.155,0.264,22.8,2014,Golden State 2014,0.523,0.507,0.621,0.402,0.413,0.407,0.409,0.384,0.39,91.6,0.276,0.799,19.2,18.4,101.4,3.3,0.145,122.8,1.2,0.573,125.1,2.0,0.267,121.1,0.333,0.206,0.196,0.403,0.068,0.196,0.264
36,Miami,111.6,0.559,0.161,0.23,23.0,105.8,0.513,0.182,0.303,21.4,2014,Miami 2014,0.559,0.521,0.681,0.464,0.416,0.435,0.427,0.336,0.371,96.5,0.234,0.816,16.9,14.0,118.5,4.1,0.148,129.7,2.0,0.57,138.1,2.1,0.278,125.1,0.392,0.151,0.196,0.346,0.102,0.161,0.262
37,Indiana,104.4,0.492,0.164,0.283,22.8,99.3,0.463,0.148,0.265,19.7,2014,Indiana 2014,0.492,0.496,0.592,0.386,0.424,0.407,0.414,0.348,0.366,88.1,0.284,0.828,17.9,16.5,105.5,2.0,0.119,116.2,1.3,0.541,131.4,0.7,0.208,108.6,0.325,0.22,0.246,0.466,0.056,0.153,0.208
38,Houston,111.0,0.534,0.167,0.297,27.7,106.2,0.491,0.143,0.289,19.6,2014,Houston 2014,0.533,0.532,0.626,0.4,0.362,0.388,0.38,0.355,0.361,90.4,0.309,0.764,21.1,18.5,111.1,5.7,0.182,131.2,2.3,0.667,144.4,3.3,0.353,126.0,0.436,0.189,0.083,0.272,0.073,0.219,0.292
39,Portland,111.6,0.505,0.141,0.308,22.1,107.3,0.491,0.125,0.277,19.2,2014,Portland 2014,0.505,0.504,0.605,0.382,0.411,0.399,0.382,0.373,0.376,92.2,0.311,0.802,21.5,19.5,106.5,3.2,0.131,123.8,1.5,0.614,140.2,1.6,0.255,116.4,0.317,0.17,0.245,0.415,0.071,0.197,0.268
40,Toronto,108.9,0.501,0.153,0.301,24.0,105.1,0.495,0.161,0.286,23.8,2014,Toronto 2014,0.501,0.502,0.606,0.407,0.38,0.393,0.4,0.371,0.379,88.9,0.304,0.828,19.9,17.1,113.7,3.8,0.114,133.2,1.8,0.486,150.0,2.0,0.222,126.1,0.314,0.202,0.226,0.429,0.073,0.185,0.258
41,Phoenix,109.7,0.524,0.159,0.285,22.3,106.2,0.497,0.159,0.291,23.6,2014,Phoenix 2014,0.524,0.513,0.626,0.385,0.416,0.402,0.409,0.368,0.38,91.7,0.283,0.761,18.9,18.2,100.2,4.8,0.183,125.1,2.4,0.673,138.2,2.4,0.366,119.1,0.353,0.181,0.19,0.371,0.079,0.198,0.276
42,Minnesota,109.2,0.49,0.141,0.307,25.4,106.0,0.521,0.169,0.275,17.7,2014,Minnesota 2014,0.49,0.515,0.599,0.381,0.349,0.364,0.336,0.351,0.347,87.5,0.316,0.776,23.1,20.3,110.3,4.8,0.158,129.4,2.6,0.651,142.5,2.1,0.293,120.5,0.408,0.173,0.201,0.373,0.051,0.167,0.219
43,Chicago,103.3,0.476,0.164,0.309,22.8,100.1,0.472,0.159,0.274,18.9,2014,Chicago 2014,0.476,0.506,0.564,0.348,0.391,0.375,0.38,0.355,0.361,83.6,0.308,0.814,20.7,19.0,105.7,3.5,0.116,131.3,1.7,0.53,137.2,1.8,0.196,127.6,0.379,0.16,0.262,0.422,0.048,0.152,0.2
44,Memphis,106.6,0.496,0.152,0.315,18.5,104.3,0.498,0.157,0.267,20.0,2014,Memphis 2014,0.496,0.497,0.607,0.409,0.4,0.405,0.361,0.362,0.362,87.2,0.313,0.824,19.4,18.6,100.7,3.7,0.113,132.7,2.1,0.522,146.2,1.6,0.194,122.1,0.369,0.252,0.225,0.477,0.046,0.108,0.154
45,Dallas,110.7,0.528,0.142,0.262,20.3,108.4,0.518,0.168,0.295,23.2,2014,Dallas 2014,0.528,0.501,0.635,0.414,0.43,0.422,0.425,0.379,0.389,94.9,0.269,0.832,17.0,15.2,109.5,3.5,0.112,130.6,1.8,0.527,137.7,1.6,0.19,125.6,0.32,0.207,0.223,0.43,0.053,0.197,0.25
46,Washington,106.0,0.509,0.154,0.273,18.4,104.6,0.506,0.169,0.272,22.0,2014,Washington 2014,0.509,0.504,0.643,0.379,0.379,0.379,0.399,0.382,0.387,86.4,0.282,0.807,15.8,13.6,114.1,5.0,0.152,132.9,2.5,0.619,147.3,2.5,0.288,125.9,0.346,0.164,0.266,0.43,0.073,0.151,0.224
47,Charlotte,103.9,0.482,0.133,0.255,22.1,104.2,0.492,0.143,0.257,18.5,2014,Charlotte 2014,0.482,0.501,0.585,0.417,0.37,0.388,0.375,0.352,0.357,87.8,0.258,0.839,14.4,12.5,112.4,2.6,0.114,119.5,1.5,0.589,135.5,1.0,0.204,110.9,0.361,0.183,0.266,0.449,0.041,0.149,0.19
48,Brooklyn,106.9,0.517,0.156,0.244,23.7,107.4,0.51,0.171,0.3,23.5,2014,Brooklyn 2014,0.517,0.506,0.605,0.428,0.409,0.418,0.403,0.371,0.38,93.0,0.251,0.842,13.8,13.6,99.5,2.5,0.113,120.6,1.8,0.48,138.0,0.6,0.207,108.0,0.329,0.203,0.198,0.401,0.069,0.2,0.269
49,Atlanta,105.8,0.516,0.161,0.244,20.7,106.4,0.513,0.16,0.278,19.9,2014,Atlanta 2014,0.516,0.511,0.616,0.415,0.407,0.411,0.391,0.357,0.366,90.0,0.246,0.817,14.7,12.5,116.0,3.3,0.141,122.7,1.7,0.55,132.9,1.5,0.272,116.8,0.334,0.198,0.177,0.375,0.081,0.209,0.29
50,New York,107.9,0.509,0.142,0.273,18.9,109.0,0.517,0.159,0.283,24.3,2014,New York 2014,0.509,0.506,0.595,0.384,0.413,0.404,0.397,0.379,0.383,91.2,0.276,0.822,19.0,16.7,110.9,2.4,0.122,118.7,1.6,0.599,129.4,0.8,0.211,112.4,0.318,0.132,0.271,0.402,0.061,0.219,0.28
51,Denver,106.0,0.5,0.162,0.299,22.1,108.0,0.501,0.145,0.285,23.1,2014,Denver 2014,0.5,0.517,0.609,0.347,0.374,0.361,0.421,0.345,0.364,86.5,0.305,0.772,18.8,18.3,100.0,4.5,0.171,125.3,2.2,0.625,146.0,2.2,0.358,117.3,0.393,0.177,0.179,0.356,0.064,0.187,0.251
52,Cleveland,104.8,0.483,0.15,0.302,20.3,107.8,0.509,0.147,0.275,19.9,2014,Cleveland 2014,0.483,0.5,0.56,0.395,0.402,0.399,0.38,0.366,0.37,86.6,0.307,0.816,15.8,16.8,91.6,3.5,0.128,125.1,1.5,0.543,137.0,1.8,0.244,118.6,0.338,0.206,0.243,0.449,0.059,0.154,0.213
53,New Orleans,107.1,0.499,0.148,0.29,21.9,110.2,0.518,0.155,0.291,25.1,2014,New Orleans 2014,0.499,0.51,0.569,0.389,0.412,0.401,0.375,0.391,0.387,88.8,0.285,0.808,20.9,17.9,113.0,3.6,0.129,126.2,1.7,0.54,133.1,2.0,0.249,123.8,0.416,0.194,0.22,0.414,0.043,0.127,0.17
54,Sacramento,105.6,0.485,0.161,0.307,25.4,109.3,0.518,0.143,0.261,23.6,2014,Sacramento 2014,0.485,0.498,0.621,0.384,0.391,0.387,0.362,0.33,0.337,85.7,0.31,0.799,22.9,20.2,109.1,3.4,0.136,124.8,1.9,0.629,137.0,1.5,0.255,118.2,0.348,0.234,0.223,0.457,0.042,0.153,0.195
55,Detroit,106.2,0.486,0.153,0.335,19.9,110.3,0.523,0.155,0.294,21.9,2014,Detroit 2014,0.486,0.519,0.611,0.352,0.352,0.352,0.396,0.304,0.329,84.0,0.336,0.757,23.6,22.6,100.1,4.3,0.172,124.0,2.4,0.68,139.8,1.9,0.338,115.0,0.438,0.189,0.175,0.364,0.053,0.145,0.198
56,Boston,102.3,0.477,0.164,0.304,19.1,107.9,0.508,0.151,0.282,23.0,2014,Boston 2014,0.477,0.503,0.581,0.361,0.413,0.393,0.384,0.318,0.335,83.7,0.299,0.805,18.7,17.2,106.3,2.9,0.138,117.2,1.6,0.573,131.9,1.4,0.281,110.9,0.341,0.167,0.263,0.43,0.059,0.17,0.229
57,Orlando,101.8,0.489,0.158,0.253,19.1,107.8,0.506,0.146,0.275,20.9,2014,Orlando 2014,0.489,0.501,0.581,0.393,0.408,0.402,0.36,0.36,0.36,86.1,0.252,0.817,16.9,15.1,109.2,2.4,0.129,117.8,1.4,0.568,129.6,1.0,0.237,111.6,0.34,0.183,0.263,0.446,0.063,0.151,0.214
58,LA Lakers,104.0,0.506,0.152,0.226,19.8,110.8,0.515,0.142,0.31,19.2,2014,LA Lakers 2014,0.506,0.505,0.613,0.385,0.381,0.383,0.407,0.379,0.386,89.6,0.228,0.813,14.9,13.9,105.1,3.1,0.14,123.1,1.9,0.628,140.7,1.3,0.277,114.9,0.323,0.195,0.214,0.409,0.068,0.2,0.268
59,Utah,102.9,0.487,0.159,0.28,20.1,112.2,0.523,0.136,0.277,23.0,2014,Utah 2014,0.487,0.504,0.62,0.373,0.37,0.371,0.394,0.338,0.352,84.2,0.282,0.817,19.6,16.4,116.4,3.3,0.124,126.6,1.6,0.595,138.6,1.7,0.235,120.4,0.355,0.2,0.23,0.43,0.056,0.159,0.215
60,Milwaukee,101.9,0.48,0.163,0.3,20.2,112.0,0.524,0.153,0.306,22.8,2014,Milwaukee 2014,0.48,0.509,0.563,0.364,0.392,0.38,0.365,0.356,0.358,83.7,0.3,0.801,18.1,17.8,98.5,3.3,0.139,121.9,1.8,0.628,139.9,1.5,0.294,113.4,0.386,0.181,0.224,0.405,0.042,0.168,0.21
61,Philadelphia,99.4,0.477,0.169,0.28,18.6,111.1,0.529,0.169,0.304,24.9,2014,Philadelphia 2014,0.478,0.524,0.568,0.365,0.376,0.37,0.33,0.316,0.319,82.0,0.272,0.762,18.3,17.6,100.7,3.0,0.182,115.5,2.4,0.671,140.1,0.6,0.377,103.0,0.44,0.184,0.142,0.326,0.049,0.185,0.234
62,Average,105.8,0.498,0.152,0.28,20.6,105.8,0.498,0.152,0.28,20.6,2015,Average 2015,0.498,0.503,0.6,0.392,0.398,0.395,0.386,0.346,0.357,88.0,0.284,0.805,18.5,16.7,107.5,3.4,0.14,123.4,1.8,0.575,137.4,1.5,0.262,116.4,0.358,0.186,0.212,0.398,0.066,0.178,0.244
63,Golden State,112.5,0.546,0.146,0.261,18.2,100.4,0.469,0.165,0.284,21.7,2015,Golden State 2015,0.546,0.506,0.651,0.399,0.405,0.402,0.454,0.393,0.407,94.6,0.267,0.767,18.9,17.3,106.2,5.4,0.183,130.6,2.4,0.624,140.2,2.9,0.333,126.5,0.345,0.182,0.182,0.364,0.07,0.222,0.291
64,LA Clippers,113.2,0.536,0.128,0.262,21.9,105.4,0.497,0.151,0.269,22.9,2015,LA Clippers 2015,0.536,0.5,0.653,0.422,0.442,0.435,0.391,0.373,0.378,95.5,0.278,0.799,18.9,16.2,114.6,3.8,0.148,126.6,1.5,0.536,134.3,2.1,0.276,122.8,0.307,0.141,0.256,0.397,0.084,0.212,0.296
65,San Antonio,108.8,0.522,0.148,0.258,20.2,101.8,0.486,0.152,0.259,19.3,2015,San Antonio 2015,0.522,0.5,0.622,0.445,0.399,0.425,0.425,0.351,0.374,95.2,0.263,0.836,13.5,13.0,102.7,1.9,0.123,113.3,1.4,0.498,126.5,0.6,0.219,106.3,0.343,0.23,0.18,0.41,0.074,0.173,0.247
66,Atlanta,109.4,0.53,0.15,0.252,20.3,103.2,0.495,0.171,0.288,18.5,2015,Atlanta 2015,0.53,0.51,0.606,0.396,0.438,0.417,0.429,0.37,0.387,93.0,0.257,0.813,14.8,12.8,113.1,3.7,0.147,125.1,2.1,0.58,139.0,1.5,0.255,117.0,0.355,0.174,0.174,0.348,0.085,0.213,0.297
67,Cleveland,111.4,0.522,0.153,0.301,21.8,106.0,0.504,0.145,0.274,17.6,2015,Cleveland 2015,0.522,0.512,0.618,0.372,0.427,0.398,0.374,0.372,0.373,92.6,0.316,0.802,18.6,17.7,102.2,3.9,0.145,126.4,2.0,0.579,141.1,1.9,0.279,119.0,0.362,0.178,0.158,0.337,0.092,0.21,0.301
68,Portland,108.9,0.512,0.142,0.27,18.3,104.2,0.48,0.127,0.261,18.0,2015,Portland 2015,0.512,0.499,0.623,0.415,0.402,0.408,0.388,0.359,0.367,92.1,0.275,0.814,20.2,16.9,116.5,1.9,0.13,113.9,1.4,0.594,134.0,0.5,0.238,104.7,0.308,0.165,0.233,0.399,0.078,0.216,0.294
69,Houston,107.6,0.516,0.171,0.294,22.5,103.7,0.49,0.169,0.302,20.8,2015,Houston 2015,0.516,0.525,0.603,0.4,0.328,0.376,0.395,0.334,0.355,88.5,0.287,0.759,16.7,16.4,99.2,4.9,0.193,121.7,2.7,0.669,137.1,2.2,0.371,114.0,0.385,0.176,0.083,0.26,0.122,0.233,0.356
70,Memphis,105.9,0.491,0.143,0.277,21.4,102.1,0.494,0.164,0.27,18.4,2015,Memphis 2015,0.491,0.494,0.609,0.407,0.389,0.398,0.387,0.333,0.348,88.4,0.275,0.821,17.2,15.9,105.7,3.5,0.12,128.8,2.1,0.536,139.5,1.3,0.199,119.8,0.37,0.245,0.22,0.464,0.046,0.119,0.165
71,Toronto,111.3,0.511,0.138,0.286,23.2,107.8,0.508,0.156,0.3,20.8,2015,Toronto 2015,0.511,0.5,0.622,0.437,0.387,0.413,0.404,0.337,0.356,93.3,0.3,0.818,20.2,16.9,116.5,2.9,0.13,122.2,1.6,0.545,132.9,1.3,0.252,116.5,0.322,0.212,0.189,0.4,0.078,0.2,0.277
72,Chicago,107.5,0.491,0.149,0.299,23.9,104.4,0.476,0.129,0.281,18.1,2015,Chicago 2015,0.491,0.507,0.56,0.398,0.392,0.395,0.394,0.35,0.36,88.8,0.298,0.805,20.5,18.8,105.5,3.5,0.123,127.9,1.6,0.574,139.8,1.9,0.23,122.4,0.382,0.177,0.198,0.375,0.056,0.188,0.243
73,Oklahoma City,107.9,0.495,0.153,0.314,21.7,105.0,0.489,0.142,0.264,21.4,2015,Oklahoma City 2015,0.495,0.505,0.589,0.408,0.394,0.4,0.386,0.332,0.346,86.7,0.314,0.772,21.3,19.7,104.8,4.6,0.167,127.2,2.1,0.596,145.4,2.5,0.324,121.0,0.373,0.177,0.213,0.39,0.061,0.176,0.237
74,Dallas,109.2,0.515,0.135,0.26,19.9,106.3,0.507,0.169,0.306,20.5,2015,Dallas 2015,0.515,0.504,0.628,0.399,0.42,0.411,0.387,0.344,0.354,92.0,0.26,0.806,17.4,15.0,113.3,3.7,0.144,124.0,2.0,0.576,139.1,1.4,0.273,113.4,0.349,0.162,0.219,0.381,0.064,0.206,0.27
75,New Orleans,108.3,0.503,0.143,0.298,19.8,107.5,0.499,0.132,0.274,19.6,2015,New Orleans 2015,0.503,0.511,0.565,0.402,0.399,0.4,0.41,0.364,0.376,90.7,0.31,0.816,19.4,18.1,105.1,2.6,0.122,120.4,1.6,0.551,139.6,1.1,0.233,111.3,0.424,0.16,0.205,0.366,0.054,0.156,0.21
76,Milwaukee,102.9,0.501,0.175,0.279,19.5,102.2,0.49,0.182,0.298,22.5,2015,Milwaukee 2015,0.501,0.506,0.586,0.383,0.406,0.397,0.398,0.358,0.372,85.2,0.275,0.798,16.5,16.0,100.4,4.1,0.158,126.2,2.7,0.632,142.4,1.3,0.272,115.2,0.398,0.161,0.236,0.397,0.069,0.135,0.205
77,Washington,104.2,0.501,0.159,0.275,19.3,103.6,0.485,0.148,0.265,20.6,2015,Washington 2015,0.501,0.493,0.636,0.39,0.395,0.393,0.371,0.366,0.368,86.2,0.288,0.8,15.5,14.7,103.4,4.3,0.157,127.9,1.7,0.58,137.1,2.6,0.304,124.6,0.346,0.184,0.284,0.468,0.055,0.13,0.185
78,Indiana,103.8,0.486,0.149,0.274,20.3,103.4,0.481,0.136,0.253,21.8,2015,Indiana 2015,0.486,0.491,0.576,0.397,0.412,0.406,0.381,0.35,0.359,86.4,0.278,0.831,16.8,15.3,107.2,2.9,0.118,126.5,1.2,0.504,135.2,1.8,0.227,124.1,0.309,0.206,0.253,0.46,0.065,0.167,0.231
79,Utah,105.5,0.496,0.17,0.319,21.7,105.6,0.495,0.144,0.272,19.9,2015,Utah 2015,0.496,0.508,0.627,0.354,0.368,0.361,0.374,0.341,0.35,84.1,0.327,0.811,23.9,19.4,119.6,3.7,0.122,130.5,2.0,0.573,140.2,1.7,0.207,123.5,0.385,0.176,0.195,0.371,0.071,0.173,0.244
80,Boston,104.8,0.491,0.142,0.276,17.6,105.0,0.497,0.156,0.278,20.9,2015,Boston 2015,0.491,0.501,0.598,0.393,0.414,0.406,0.372,0.321,0.332,86.7,0.274,0.794,19.2,16.7,111.8,3.0,0.149,118.6,1.5,0.596,126.3,1.5,0.277,114.2,0.345,0.164,0.233,0.397,0.057,0.201,0.258
81,Phoenix,105.5,0.506,0.156,0.264,19.3,105.7,0.499,0.16,0.29,22.2,2015,Phoenix 2015,0.506,0.505,0.622,0.392,0.401,0.397,0.362,0.344,0.35,87.5,0.272,0.763,17.9,16.5,105.8,4.4,0.184,123.7,2.7,0.665,144.1,1.8,0.362,114.8,0.353,0.175,0.205,0.38,0.083,0.184,0.267
82,Detroit,105.1,0.483,0.143,0.303,18.5,106.8,0.505,0.149,0.275,19.4,2015,Detroit 2015,0.483,0.512,0.569,0.346,0.391,0.366,0.384,0.336,0.348,84.6,0.311,0.782,21.8,19.6,108.0,3.9,0.149,126.2,1.6,0.595,130.6,2.4,0.289,124.5,0.391,0.193,0.152,0.346,0.069,0.195,0.264
83,Miami,104.3,0.503,0.163,0.267,22.8,106.9,0.508,0.163,0.299,21.5,2015,Miami 2015,0.503,0.502,0.615,0.42,0.4,0.409,0.376,0.329,0.345,88.2,0.277,0.826,17.2,14.9,113.1,3.0,0.122,123.2,1.7,0.54,132.5,1.4,0.222,117.4,0.355,0.187,0.225,0.411,0.079,0.154,0.233
84,Brooklyn,104.6,0.494,0.147,0.265,19.9,107.4,0.508,0.147,0.284,18.6,2015,Brooklyn 2015,0.494,0.495,0.591,0.438,0.402,0.422,0.378,0.323,0.34,89.2,0.269,0.832,17.0,16.3,101.7,2.2,0.111,119.9,1.0,0.519,125.3,1.2,0.202,117.9,0.336,0.252,0.194,0.446,0.066,0.152,0.218
85,Charlotte,100.8,0.459,0.125,0.257,20.3,103.6,0.488,0.134,0.24,19.0,2015,Charlotte 2015,0.459,0.489,0.551,0.389,0.392,0.391,0.39,0.312,0.327,85.0,0.259,0.844,14.2,13.2,105.3,2.2,0.103,117.3,1.2,0.478,133.0,1.0,0.192,110.7,0.326,0.193,0.279,0.472,0.038,0.164,0.202
86,Denver,104.6,0.484,0.146,0.29,20.3,108.7,0.507,0.147,0.285,23.9,2015,Denver 2015,0.484,0.508,0.59,0.359,0.393,0.377,0.344,0.331,0.334,85.2,0.29,0.776,20.2,18.8,104.2,4.1,0.165,124.0,2.3,0.659,142.7,1.6,0.325,114.3,0.378,0.176,0.187,0.363,0.064,0.195,0.259
87,Sacramento,104.9,0.491,0.17,0.299,27.8,109.3,0.509,0.135,0.273,20.2,2015,Sacramento 2015,0.491,0.503,0.603,0.366,0.403,0.385,0.369,0.342,0.351,86.0,0.302,0.796,21.9,19.4,108.7,3.5,0.141,125.9,1.9,0.61,144.9,1.7,0.277,118.1,0.402,0.207,0.212,0.419,0.057,0.122,0.179
88,Orlando,101.7,0.496,0.158,0.256,16.9,108.2,0.516,0.153,0.271,21.3,2015,Orlando 2015,0.496,0.503,0.59,0.393,0.408,0.401,0.369,0.346,0.353,85.5,0.256,0.825,19.5,17.1,110.8,2.7,0.115,124.1,2.0,0.549,141.7,0.8,0.199,112.3,0.379,0.205,0.2,0.406,0.06,0.156,0.216
89,LA Lakers,102.5,0.472,0.14,0.277,20.0,111.2,0.521,0.135,0.269,23.3,2015,LA Lakers 2015,0.472,0.492,0.607,0.371,0.362,0.366,0.39,0.334,0.345,83.7,0.282,0.813,19.9,17.6,110.2,3.1,0.125,124.5,2.4,0.562,153.3,0.8,0.24,110.6,0.338,0.176,0.284,0.46,0.039,0.163,0.202
90,Philadelphia,95.6,0.461,0.184,0.281,19.4,105.6,0.501,0.174,0.302,22.9,2015,Philadelphia 2015,0.461,0.518,0.559,0.309,0.33,0.319,0.348,0.323,0.328,77.0,0.281,0.79,18.1,17.3,101.7,2.7,0.156,116.0,1.9,0.561,131.6,1.0,0.302,108.8,0.411,0.158,0.143,0.301,0.056,0.232,0.288
91,Minnesota,102.0,0.467,0.158,0.297,24.0,112.7,0.539,0.158,0.307,18.8,2015,Minnesota 2015,0.467,0.49,0.596,0.365,0.379,0.373,0.36,0.332,0.338,83.3,0.3,0.801,19.6,18.0,105.2,3.0,0.138,121.3,1.9,0.604,135.3,1.1,0.271,113.2,0.358,0.207,0.278,0.485,0.036,0.121,0.157
92,New York,99.6,0.473,0.161,0.272,17.9,110.6,0.515,0.151,0.3,23.7,2015,New York 2015,0.473,0.489,0.559,0.373,0.407,0.395,0.354,0.357,0.357,84.3,0.274,0.844,16.2,15.3,103.1,1.3,0.104,111.1,1.0,0.476,126.6,0.3,0.201,102.2,0.309,0.176,0.295,0.472,0.044,0.176,0.22
93,Average,106.6,0.505,0.149,0.266,21.0,106.6,0.505,0.149,0.266,21.0,2016,Average 2016,0.505,0.509,0.603,0.399,0.401,0.4,0.377,0.354,0.36,89.8,0.27,0.811,17.4,15.9,106.6,3.1,0.137,123.3,1.7,0.558,137.7,1.3,0.254,116.0,0.359,0.184,0.197,0.382,0.069,0.191,0.259
94,San Antonio,110.6,0.529,0.14,0.251,19.8,98.9,0.48,0.159,0.242,18.2,2016,San Antonio 2016,0.529,0.493,0.649,0.445,0.429,0.436,0.382,0.386,0.385,96.1,0.256,0.845,17.5,14.6,118.3,1.9,0.111,118.3,1.2,0.429,132.3,0.8,0.193,111.0,0.316,0.221,0.257,0.478,0.062,0.144,0.206
95,Golden State,114.9,0.565,0.151,0.255,19.1,103.2,0.48,0.145,0.267,20.6,2016,Golden State 2016,0.565,0.52,0.639,0.392,0.428,0.41,0.417,0.421,0.42,100.2,0.255,0.785,16.8,16.2,100.4,3.8,0.17,124.5,1.4,0.571,130.5,2.3,0.318,121.8,0.362,0.157,0.145,0.302,0.082,0.254,0.336
96,Oklahoma City,113.8,0.528,0.162,0.337,23.4,105.7,0.487,0.134,0.269,20.3,2016,Oklahoma City 2016,0.528,0.515,0.608,0.449,0.441,0.444,0.357,0.358,0.357,92.4,0.345,0.78,21.8,19.7,107.0,4.8,0.166,128.8,1.9,0.61,139.5,3.1,0.32,126.4,0.394,0.168,0.19,0.358,0.077,0.172,0.248
97,Cleveland,112.0,0.528,0.144,0.283,19.4,104.6,0.499,0.142,0.243,20.3,2016,Cleveland 2016,0.528,0.513,0.639,0.398,0.431,0.413,0.391,0.355,0.365,93.6,0.299,0.82,15.7,15.0,102.7,3.8,0.137,129.3,2.2,0.539,156.9,1.6,0.264,117.4,0.334,0.185,0.157,0.341,0.09,0.235,0.325
98,Toronto,110.4,0.507,0.141,0.286,25.4,105.4,0.499,0.142,0.253,20.2,2016,Toronto 2016,0.508,0.508,0.596,0.402,0.382,0.393,0.409,0.364,0.378,92.8,0.296,0.829,15.5,15.8,95.8,3.7,0.114,131.2,2.2,0.519,150.8,1.4,0.193,118.1,0.353,0.205,0.185,0.39,0.08,0.178,0.257
99,LA Clippers,108.5,0.527,0.134,0.224,22.4,103.7,0.483,0.159,0.291,22.3,2016,LA Clippers 2016,0.527,0.504,0.654,0.412,0.42,0.417,0.417,0.355,0.371,94.6,0.238,0.812,14.2,13.4,104.5,2.4,0.136,118.0,1.1,0.515,121.3,1.2,0.242,116.3,0.309,0.139,0.255,0.394,0.075,0.221,0.296
100,Atlanta,105.3,0.518,0.154,0.222,18.8,102.1,0.482,0.167,0.291,19.5,2016,Atlanta 2016,0.518,0.52,0.6,0.39,0.428,0.41,0.361,0.352,0.354,90.2,0.225,0.813,12.3,11.5,105.1,3.9,0.151,127.5,2.3,0.54,146.1,1.6,0.276,118.5,0.38,0.146,0.163,0.309,0.077,0.233,0.31
101,Boston,106.8,0.491,0.138,0.278,20.7,103.8,0.491,0.167,0.281,23.4,2016,Boston 2016,0.492,0.513,0.603,0.367,0.38,0.374,0.349,0.336,0.339,88.1,0.281,0.783,18.0,16.7,105.3,4.0,0.163,126.4,2.3,0.608,140.5,1.7,0.307,118.5,0.373,0.171,0.185,0.356,0.066,0.204,0.27
102,Charlotte,107.6,0.502,0.13,0.23,22.0,104.6,0.497,0.139,0.234,19.2,2016,Charlotte 2016,0.502,0.51,0.583,0.396,0.397,0.397,0.407,0.352,0.362,91.5,0.235,0.832,14.5,13.3,107.0,3.6,0.119,131.8,1.8,0.515,143.8,1.8,0.214,126.1,0.328,0.165,0.185,0.35,0.057,0.265,0.322
103,Miami,106.6,0.507,0.15,0.268,21.1,104.3,0.488,0.138,0.257,19.6,2016,Miami 2016,0.507,0.503,0.652,0.398,0.401,0.399,0.351,0.331,0.339,90.1,0.275,0.816,19.5,17.0,112.3,3.0,0.125,125.1,1.6,0.538,141.6,1.4,0.231,117.1,0.368,0.209,0.226,0.436,0.078,0.118,0.197
104,Indiana,104.7,0.498,0.152,0.258,20.7,102.9,0.492,0.163,0.273,20.7,2016,Indiana 2016,0.497,0.502,0.615,0.421,0.374,0.392,0.393,0.342,0.357,86.9,0.265,0.809,17.6,14.8,116.6,3.3,0.144,124.2,2.2,0.59,141.0,1.0,0.247,112.1,0.333,0.166,0.254,0.419,0.073,0.174,0.247
105,Utah,106.0,0.504,0.162,0.288,21.3,104.3,0.498,0.151,0.255,21.0,2016,Utah 2016,0.504,0.511,0.603,0.396,0.389,0.393,0.395,0.344,0.361,88.8,0.305,0.844,18.1,15.8,112.0,2.0,0.103,121.6,1.8,0.537,141.4,0.2,0.156,105.0,0.356,0.209,0.164,0.373,0.089,0.182,0.271
106,Detroit,106.7,0.496,0.141,0.296,19.8,105.3,0.504,0.14,0.237,19.6,2016,Detroit 2016,0.496,0.51,0.588,0.383,0.403,0.391,0.367,0.351,0.356,88.1,0.298,0.794,20.6,19.2,103.4,2.7,0.137,119.4,1.0,0.51,126.0,1.7,0.276,116.3,0.353,0.22,0.153,0.373,0.076,0.198,0.274
107,Portland,109.0,0.515,0.151,0.283,20.3,108.1,0.506,0.136,0.26,22.5,2016,Portland 2016,0.516,0.514,0.578,0.395,0.426,0.413,0.394,0.372,0.378,91.4,0.287,0.813,19.5,17.2,110.7,2.9,0.13,122.3,1.6,0.573,139.6,1.2,0.246,114.0,0.351,0.15,0.194,0.344,0.078,0.227,0.305
108,Houston,108.5,0.52,0.163,0.283,24.5,108.3,0.518,0.169,0.296,21.8,2016,Houston 2016,0.52,0.529,0.611,0.38,0.386,0.382,0.358,0.353,0.355,88.6,0.296,0.761,20.7,18.4,109.6,4.9,0.184,126.5,2.3,0.637,134.9,2.6,0.355,122.7,0.401,0.163,0.102,0.265,0.108,0.226,0.335
109,Dallas,106.9,0.507,0.133,0.226,20.9,107.1,0.507,0.146,0.266,19.8,2016,Dallas 2016,0.507,0.504,0.621,0.403,0.413,0.408,0.398,0.341,0.354,92.9,0.234,0.85,13.0,12.8,100.0,2.4,0.102,124.7,1.3,0.475,134.6,1.1,0.182,119.0,0.302,0.185,0.202,0.386,0.071,0.241,0.312
110,Washington,105.7,0.515,0.147,0.236,19.2,106.1,0.518,0.165,0.252,21.7,2016,Washington 2016,0.515,0.507,0.624,0.42,0.403,0.41,0.381,0.359,0.365,90.5,0.229,0.794,12.8,12.3,102.0,3.9,0.17,122.1,1.7,0.626,130.6,2.2,0.329,119.1,0.35,0.165,0.228,0.393,0.068,0.188,0.257
111,Orlando,105.8,0.506,0.145,0.26,17.3,107.0,0.516,0.156,0.259,21.7,2016,Orlando 2016,0.506,0.503,0.602,0.409,0.415,0.413,0.372,0.359,0.363,89.4,0.257,0.808,17.6,16.5,103.8,3.4,0.133,126.0,2.3,0.549,147.4,1.2,0.244,114.0,0.351,0.184,0.232,0.417,0.06,0.173,0.232
112,Chicago,105.1,0.488,0.144,0.277,19.2,106.8,0.489,0.123,0.275,18.2,2016,Chicago 2016,0.488,0.503,0.555,0.384,0.404,0.395,0.396,0.372,0.378,88.9,0.281,0.824,18.3,17.3,102.6,1.8,0.114,117.8,1.0,0.496,131.6,0.8,0.222,111.8,0.354,0.192,0.229,0.421,0.053,0.171,0.225
113,Memphis,105.8,0.48,0.142,0.285,23.4,107.6,0.521,0.173,0.276,25.0,2016,Memphis 2016,0.48,0.506,0.564,0.392,0.401,0.396,0.32,0.35,0.341,87.3,0.285,0.813,20.1,18.4,105.4,2.7,0.121,123.1,1.8,0.53,138.2,0.9,0.208,112.6,0.388,0.213,0.203,0.416,0.057,0.139,0.197
114,New York,105.1,0.488,0.143,0.268,20.7,107.5,0.49,0.119,0.265,20.3,2016,New York 2016,0.488,0.495,0.573,0.416,0.413,0.414,0.404,0.339,0.355,88.7,0.271,0.824,19.1,16.4,113.8,1.7,0.121,114.7,0.8,0.514,123.9,1.0,0.241,111.6,0.31,0.206,0.251,0.457,0.057,0.176,0.233
115,Sacramento,105.7,0.511,0.16,0.269,21.5,108.4,0.524,0.159,0.269,20.2,2016,Sacramento 2016,0.511,0.511,0.625,0.379,0.394,0.387,0.414,0.347,0.363,89.4,0.266,0.783,18.8,17.1,106.3,2.8,0.163,117.8,1.5,0.607,128.0,1.3,0.309,113.0,0.388,0.203,0.174,0.377,0.057,0.178,0.235
116,Milwaukee,104.9,0.503,0.16,0.275,20.8,108.7,0.513,0.162,0.298,22.4,2016,Milwaukee 2016,0.503,0.513,0.603,0.4,0.384,0.392,0.358,0.355,0.356,86.7,0.279,0.806,19.5,17.5,108.1,3.6,0.142,128.2,2.5,0.611,151.9,1.0,0.26,113.4,0.44,0.206,0.186,0.392,0.051,0.116,0.168
117,Denver,105.6,0.49,0.153,0.291,21.7,109.5,0.521,0.14,0.253,21.7,2016,Denver 2016,0.49,0.52,0.568,0.374,0.392,0.384,0.343,0.343,0.343,87.1,0.3,0.801,18.1,17.5,100.3,3.4,0.145,124.0,2.1,0.619,146.8,1.3,0.279,112.6,0.421,0.158,0.171,0.329,0.055,0.195,0.25
118,Minnesota,106.2,0.498,0.157,0.267,26.2,110.2,0.527,0.155,0.286,20.1,2016,Minnesota 2016,0.498,0.499,0.637,0.405,0.388,0.395,0.391,0.33,0.344,88.8,0.276,0.815,19.3,16.0,118.3,3.0,0.135,123.9,1.7,0.566,138.2,1.4,0.258,116.7,0.368,0.188,0.266,0.454,0.038,0.14,0.178
119,New Orleans,105.5,0.5,0.138,0.24,20.3,109.5,0.525,0.141,0.236,22.5,2016,New Orleans 2016,0.5,0.509,0.578,0.382,0.422,0.405,0.329,0.374,0.363,90.3,0.241,0.831,15.0,13.9,105.6,2.6,0.123,122.2,1.5,0.537,135.8,1.0,0.228,113.9,0.365,0.172,0.21,0.383,0.061,0.191,0.252
120,Phoenix,102.0,0.49,0.175,0.284,20.3,109.4,0.525,0.151,0.256,24.0,2016,Phoenix 2016,0.49,0.512,0.586,0.375,0.362,0.368,0.362,0.354,0.356,83.8,0.28,0.794,20.1,17.8,109.0,2.9,0.148,120.8,1.9,0.602,140.1,1.0,0.285,110.7,0.365,0.169,0.19,0.359,0.067,0.209,0.276
121,Brooklyn,103.0,0.493,0.155,0.267,18.6,111.6,0.538,0.147,0.267,17.8,2016,Brooklyn 2016,0.493,0.498,0.589,0.424,0.392,0.409,0.385,0.345,0.358,87.6,0.261,0.82,17.6,17.1,100.3,2.4,0.12,121.4,1.4,0.565,130.4,1.0,0.218,115.0,0.346,0.243,0.214,0.457,0.064,0.134,0.198
122,LA Lakers,101.5,0.464,0.142,0.257,22.7,112.7,0.527,0.131,0.276,20.7,2016,LA Lakers 2016,0.463,0.501,0.563,0.406,0.36,0.381,0.327,0.324,0.324,85.4,0.259,0.82,14.8,13.9,104.3,2.1,0.129,116.7,1.6,0.545,138.6,0.6,0.256,107.2,0.316,0.191,0.224,0.415,0.055,0.214,0.269
123,Philadelphia,98.6,0.487,0.169,0.236,18.5,110.4,0.512,0.155,0.297,24.4,2016,Philadelphia 2016,0.487,0.52,0.59,0.354,0.35,0.353,0.374,0.33,0.341,83.7,0.243,0.82,16.2,14.5,109.3,2.0,0.132,117.2,1.2,0.566,125.6,0.8,0.253,112.7,0.387,0.183,0.13,0.313,0.074,0.226,0.3
124,Average,109.0,0.517,0.144,0.262,21.0,109.0,0.517,0.144,0.262,21.0,2017,Average 2017,0.517,0.52,0.61,0.412,0.407,0.409,0.387,0.356,0.364,92.6,0.266,0.799,17.7,15.9,108.8,3.0,0.152,121.9,1.5,0.567,135.1,1.5,0.298,116.4,0.354,0.178,0.178,0.356,0.071,0.22,0.29
125,Golden State,116.8,0.572,0.145,0.253,20.7,104.0,0.49,0.158,0.276,20.1,2017,Golden State 2017,0.572,0.527,0.672,0.427,0.454,0.442,0.412,0.389,0.394,100.6,0.253,0.76,17.4,15.3,110.6,5.4,0.199,128.9,2.1,0.59,137.6,3.2,0.394,125.1,0.36,0.138,0.166,0.305,0.075,0.261,0.336
126,San Antonio,111.7,0.527,0.141,0.272,21.1,104.0,0.496,0.152,0.257,19.3,2017,San Antonio 2017,0.527,0.506,0.622,0.417,0.432,0.425,0.427,0.386,0.398,94.8,0.274,0.811,18.1,15.5,114.0,3.4,0.139,127.0,1.6,0.492,141.3,1.7,0.265,120.3,0.301,0.203,0.237,0.44,0.073,0.186,0.259
127,Houston,115.0,0.546,0.15,0.269,23.8,109.1,0.523,0.151,0.27,19.3,2017,Houston 2017,0.546,0.544,0.644,0.37,0.377,0.373,0.385,0.352,0.359,97.9,0.279,0.77,18.3,16.3,109.9,4.3,0.182,125.1,1.7,0.59,133.9,2.6,0.378,122.9,0.378,0.118,0.066,0.184,0.09,0.348,0.438
128,LA Clippers,112.6,0.539,0.133,0.244,23.5,108.2,0.507,0.139,0.257,21.2,2017,LA Clippers 2017,0.539,0.519,0.637,0.408,0.438,0.427,0.403,0.374,0.381,96.6,0.258,0.793,16.7,14.9,110.3,4.1,0.163,128.6,1.4,0.547,134.0,2.6,0.321,126.3,0.346,0.126,0.228,0.354,0.07,0.23,0.3
129,Toronto,112.5,0.519,0.133,0.277,23.7,108.2,0.51,0.153,0.273,22.4,2017,Toronto 2017,0.519,0.511,0.618,0.44,0.416,0.428,0.382,0.361,0.367,95.3,0.282,0.805,17.5,16.5,102.6,3.8,0.145,128.3,1.5,0.546,135.1,2.3,0.27,125.6,0.327,0.205,0.204,0.41,0.076,0.188,0.264
130,Cleveland,114.2,0.551,0.14,0.255,20.7,110.2,0.518,0.129,0.263,17.1,2017,Cleveland 2017,0.551,0.529,0.652,0.382,0.44,0.412,0.408,0.375,0.385,99.5,0.26,0.791,15.2,14.4,103.2,3.4,0.169,122.2,1.2,0.564,133.2,2.3,0.354,120.1,0.337,0.145,0.147,0.292,0.117,0.254,0.371
131,Utah,109.6,0.529,0.15,0.258,21.5,105.8,0.496,0.132,0.242,19.6,2017,Utah 2017,0.529,0.524,0.627,0.417,0.382,0.401,0.386,0.373,0.377,94.1,0.265,0.849,16.0,15.4,101.2,3.0,0.1,133.7,1.5,0.5,145.1,1.4,0.168,125.2,0.363,0.182,0.154,0.335,0.088,0.213,0.301
132,Boston,111.6,0.528,0.137,0.244,22.3,108.8,0.506,0.144,0.278,22.6,2017,Boston 2017,0.528,0.53,0.608,0.415,0.411,0.413,0.405,0.353,0.365,97.0,0.246,0.809,14.8,14.1,102.8,2.9,0.141,122.3,1.9,0.583,142.5,1.0,0.272,113.1,0.355,0.148,0.134,0.281,0.084,0.28,0.364
133,Washington,111.3,0.532,0.145,0.27,20.2,109.4,0.527,0.157,0.272,21.4,2017,Washington 2017,0.532,0.518,0.615,0.424,0.442,0.434,0.349,0.392,0.38,93.8,0.278,0.78,19.6,16.9,113.1,4.3,0.17,128.2,2.3,0.651,143.2,2.0,0.329,120.9,0.362,0.17,0.208,0.378,0.071,0.189,0.26
134,Miami,108.2,0.516,0.142,0.27,17.7,106.9,0.498,0.143,0.267,22.1,2017,Miami 2017,0.516,0.521,0.61,0.412,0.386,0.4,0.401,0.356,0.371,90.2,0.281,0.806,18.9,16.3,113.7,3.4,0.141,125.4,1.8,0.592,140.7,1.6,0.269,118.8,0.351,0.199,0.159,0.358,0.092,0.2,0.292
135,Denver,113.2,0.532,0.15,0.3,21.6,112.4,0.533,0.121,0.236,19.5,2017,Denver 2017,0.532,0.531,0.604,0.425,0.396,0.412,0.383,0.374,0.375,95.5,0.306,0.786,22.2,19.6,108.9,2.7,0.157,119.1,1.3,0.563,130.2,1.4,0.324,115.3,0.402,0.162,0.135,0.297,0.061,0.24,0.301
136,Memphis,107.7,0.494,0.139,0.281,22.2,107.1,0.509,0.153,0.255,25.7,2017,Memphis 2017,0.494,0.52,0.565,0.404,0.383,0.394,0.408,0.347,0.36,90.8,0.286,0.824,19.4,17.7,106.1,1.9,0.115,118.0,1.2,0.492,129.0,0.7,0.206,111.7,0.358,0.186,0.17,0.356,0.059,0.228,0.287
137,Oklahoma City,108.8,0.503,0.153,0.312,22.1,108.3,0.515,0.141,0.245,21.7,2017,Oklahoma City 2017,0.503,0.529,0.602,0.402,0.386,0.394,0.355,0.323,0.331,90.1,0.31,0.765,18.7,18.1,100.0,3.1,0.187,116.5,1.4,0.62,126.5,1.6,0.379,112.7,0.414,0.164,0.155,0.318,0.07,0.198,0.268
138,Indiana,109.0,0.522,0.143,0.239,21.5,108.6,0.513,0.154,0.273,22.8,2017,Indiana 2017,0.522,0.507,0.611,0.442,0.416,0.428,0.413,0.38,0.389,94.9,0.242,0.825,15.8,13.5,114.9,2.3,0.133,119.9,1.2,0.536,127.6,1.1,0.25,117.0,0.314,0.205,0.229,0.434,0.07,0.182,0.252
139,Chicago,107.5,0.49,0.141,0.298,20.9,107.1,0.51,0.141,0.258,17.1,2017,Chicago 2017,0.49,0.51,0.593,0.42,0.384,0.4,0.401,0.32,0.344,88.2,0.301,0.778,20.2,18.0,109.7,3.4,0.163,122.8,2.2,0.626,144.1,1.3,0.305,114.1,0.34,0.2,0.226,0.426,0.071,0.163,0.234
140,Milwaukee,109.7,0.531,0.148,0.246,21.1,109.7,0.523,0.155,0.279,21.6,2017,Milwaukee 2017,0.531,0.532,0.624,0.394,0.39,0.392,0.395,0.369,0.377,93.2,0.251,0.801,17.4,15.2,111.8,4.0,0.154,130.1,1.9,0.6,142.7,2.0,0.296,123.7,0.427,0.177,0.134,0.311,0.08,0.181,0.262
141,Charlotte,109.3,0.504,0.119,0.23,22.7,109.6,0.529,0.136,0.236,16.6,2017,Charlotte 2017,0.504,0.517,0.596,0.409,0.389,0.398,0.375,0.355,0.358,94.8,0.236,0.831,14.8,12.7,113.8,2.2,0.131,119.9,1.1,0.486,131.2,1.2,0.254,117.4,0.33,0.168,0.189,0.357,0.044,0.269,0.313
142,Minnesota,111.1,0.514,0.148,0.299,22.9,111.9,0.538,0.148,0.273,21.1,2017,Minnesota 2017,0.514,0.515,0.625,0.421,0.406,0.413,0.39,0.345,0.358,92.4,0.308,0.801,22.2,19.2,112.4,2.8,0.138,123.3,1.7,0.565,136.3,1.0,0.271,115.7,0.371,0.185,0.219,0.404,0.063,0.162,0.225
143,Portland,110.4,0.521,0.139,0.26,21.5,111.5,0.514,0.132,0.265,24.4,2017,Portland 2017,0.521,0.522,0.574,0.432,0.428,0.43,0.371,0.382,0.379,94.7,0.27,0.814,17.8,16.6,104.9,2.8,0.132,123.9,1.4,0.533,136.1,1.3,0.268,117.4,0.363,0.159,0.184,0.343,0.062,0.232,0.294
144,Detroit,106.3,0.496,0.125,0.27,15.5,107.6,0.519,0.134,0.213,19.8,2017,Detroit 2017,0.496,0.503,0.615,0.418,0.424,0.421,0.378,0.328,0.339,88.5,0.277,0.782,18.7,17.4,105.3,3.0,0.163,120.0,1.6,0.577,137.6,1.5,0.327,114.3,0.301,0.241,0.214,0.455,0.052,0.191,0.243
145,Atlanta,105.2,0.508,0.161,0.269,21.5,106.7,0.511,0.156,0.269,18.2,2017,Atlanta 2017,0.508,0.525,0.598,0.363,0.423,0.398,0.387,0.338,0.35,89.5,0.282,0.795,19.9,17.5,111.1,1.4,0.151,110.8,1.3,0.56,128.2,0.2,0.288,103.4,0.388,0.147,0.186,0.333,0.069,0.21,0.279
146,New Orleans,105.6,0.506,0.131,0.213,19.4,107.4,0.51,0.14,0.259,17.9,2017,New Orleans 2017,0.506,0.517,0.604,0.426,0.383,0.405,0.378,0.349,0.356,92.2,0.21,0.813,14.6,12.5,114.6,2.0,0.145,116.1,1.1,0.544,127.8,1.0,0.276,112.6,0.345,0.195,0.181,0.375,0.067,0.212,0.28
147,Dallas,105.1,0.506,0.128,0.197,17.9,108.6,0.532,0.161,0.253,21.8,2017,Dallas 2017,0.506,0.506,0.615,0.443,0.404,0.42,0.365,0.356,0.358,93.3,0.198,0.865,11.4,9.8,114.7,1.2,0.098,113.4,0.6,0.423,117.5,0.5,0.182,111.9,0.255,0.169,0.236,0.405,0.072,0.269,0.34
148,Sacramento,107.1,0.519,0.154,0.241,22.2,111.4,0.53,0.146,0.263,22.7,2017,Sacramento 2017,0.519,0.516,0.613,0.396,0.407,0.402,0.418,0.373,0.385,93.3,0.244,0.821,15.8,14.1,109.8,1.8,0.134,114.3,1.3,0.566,127.8,0.5,0.25,107.3,0.349,0.198,0.189,0.388,0.067,0.196,0.263
149,New York,107.7,0.498,0.143,0.292,18.7,112.0,0.514,0.132,0.291,21.6,2017,New York 2017,0.498,0.513,0.572,0.414,0.425,0.42,0.426,0.331,0.354,90.9,0.287,0.794,19.6,18.7,100.8,2.0,0.146,114.4,1.0,0.578,121.5,1.2,0.295,112.6,0.344,0.176,0.225,0.401,0.062,0.193,0.255
150,Phoenix,106.5,0.494,0.154,0.288,22.9,112.2,0.527,0.148,0.269,26.4,2017,Phoenix 2017,0.494,0.515,0.603,0.414,0.38,0.396,0.324,0.343,0.337,86.2,0.293,0.752,22.8,19.6,112.5,3.9,0.191,122.9,1.9,0.621,136.2,1.8,0.403,116.5,0.365,0.195,0.206,0.401,0.067,0.167,0.234
151,LA Lakers,106.4,0.504,0.154,0.273,19.4,112.4,0.542,0.147,0.266,21.5,2017,LA Lakers 2017,0.504,0.52,0.604,0.39,0.392,0.391,0.376,0.346,0.354,87.1,0.282,0.773,19.5,17.1,111.9,4.1,0.175,126.5,2.4,0.639,146.8,1.6,0.356,116.8,0.363,0.205,0.157,0.362,0.068,0.208,0.275
152,Orlando,104.9,0.493,0.137,0.257,18.7,110.9,0.523,0.134,0.259,20.2,2017,Orlando 2017,0.493,0.512,0.602,0.412,0.404,0.408,0.302,0.343,0.335,88.7,0.244,0.789,14.8,14.0,102.4,2.9,0.167,117.8,1.7,0.623,135.4,1.3,0.342,111.7,0.328,0.208,0.193,0.401,0.055,0.216,0.27
153,Philadelphia,102.8,0.502,0.17,0.258,19.8,109.4,0.515,0.153,0.279,23.6,2017,Philadelphia 2017,0.502,0.528,0.606,0.385,0.357,0.372,0.409,0.33,0.344,86.7,0.265,0.801,17.6,15.5,111.9,2.5,0.154,117.4,1.6,0.567,133.2,0.7,0.302,108.6,0.378,0.168,0.132,0.3,0.057,0.265,0.322
154,Brooklyn,103.6,0.508,0.164,0.223,22.4,111.1,0.517,0.132,0.269,21.5,2017,Brooklyn 2017,0.508,0.532,0.588,0.412,0.377,0.4,0.378,0.333,0.343,89.2,0.224,0.799,15.4,13.5,112.2,2.4,0.164,117.4,1.5,0.598,137.4,0.9,0.331,110.9,0.383,0.187,0.091,0.278,0.076,0.262,0.339
155,Average,108.4,0.524,0.146,0.254,19.4,108.4,0.524,0.146,0.254,19.4,2018,Average 2018,0.524,0.527,0.631,0.399,0.404,0.401,0.393,0.359,0.367,93.4,0.258,0.8,18.1,16.1,110.1,2.8,0.153,120.7,1.6,0.612,133.7,1.2,0.288,114.5,0.345,0.188,0.156,0.344,0.07,0.241,0.311
156,Houston,114.8,0.557,0.141,0.241,23.7,105.8,0.524,0.15,0.238,17.1,2018,Houston 2018,0.556,0.552,0.646,0.365,0.465,0.403,0.398,0.359,0.369,100.1,0.262,0.804,16.2,14.3,110.9,3.9,0.158,129.1,1.8,0.562,137.7,2.0,0.287,125.6,0.35,0.115,0.068,0.182,0.113,0.354,0.467
157,Toronto,113.5,0.541,0.137,0.263,20.2,105.6,0.504,0.146,0.259,21.1,2018,Toronto 2018,0.541,0.535,0.648,0.423,0.41,0.418,0.384,0.356,0.364,97.7,0.27,0.802,19.5,16.5,115.5,3.4,0.152,123.6,1.6,0.575,134.9,1.6,0.29,118.3,0.354,0.183,0.115,0.298,0.09,0.258,0.348
158,Golden State,113.9,0.575,0.153,0.229,19.6,106.7,0.506,0.144,0.275,18.5,2018,Golden State 2018,0.574,0.521,0.684,0.462,0.467,0.465,0.398,0.4,0.4,101.5,0.227,0.759,18.6,16.3,111.1,3.8,0.203,122.5,1.5,0.62,132.2,2.3,0.415,119.7,0.318,0.174,0.195,0.369,0.056,0.258,0.313
159,Philadelphia,109.6,0.542,0.165,0.277,20.1,104.4,0.495,0.143,0.25,21.9,2018,Philadelphia 2018,0.541,0.525,0.673,0.383,0.423,0.4,0.398,0.371,0.376,93.9,0.276,0.781,21.8,18.7,113.0,3.0,0.165,120.3,1.6,0.633,132.0,1.4,0.297,114.8,0.334,0.2,0.144,0.345,0.051,0.27,0.321
160,Utah,107.9,0.53,0.154,0.244,20.3,103.6,0.509,0.155,0.233,19.0,2018,Utah 2018,0.529,0.532,0.645,0.372,0.401,0.385,0.417,0.351,0.371,92.9,0.25,0.819,16.7,14.6,112.0,3.2,0.143,125.7,1.6,0.585,131.7,1.6,0.247,122.5,0.35,0.179,0.142,0.321,0.098,0.23,0.328
161,Boston,107.5,0.521,0.143,0.244,18.8,103.4,0.497,0.147,0.251,19.0,2018,Boston 2018,0.521,0.526,0.595,0.376,0.435,0.403,0.413,0.374,0.383,94.0,0.246,0.811,16.9,15.2,108.4,2.0,0.141,115.4,1.3,0.611,125.4,0.6,0.251,108.9,0.326,0.189,0.155,0.344,0.076,0.254,0.33
162,Oklahoma City,110.2,0.518,0.142,0.304,19.7,107.0,0.53,0.165,0.258,19.4,2018,Oklahoma City 2018,0.518,0.533,0.618,0.394,0.381,0.386,0.377,0.357,0.362,93.0,0.301,0.766,20.7,19.0,105.2,3.0,0.182,116.8,2.0,0.648,130.5,1.2,0.344,112.2,0.369,0.134,0.185,0.319,0.08,0.233,0.313
163,Minnesota,113.3,0.526,0.129,0.273,22.8,110.7,0.541,0.156,0.266,18.7,2018,Minnesota 2018,0.526,0.513,0.663,0.438,0.406,0.423,0.397,0.352,0.363,96.6,0.278,0.818,20.8,17.4,117.3,3.1,0.126,128.4,2.1,0.582,143.4,1.0,0.219,117.6,0.332,0.24,0.19,0.43,0.058,0.18,0.238
164,San Antonio,107.7,0.509,0.136,0.266,18.9,105.2,0.513,0.146,0.245,17.0,2018,San Antonio 2018,0.508,0.512,0.635,0.411,0.4,0.406,0.4,0.342,0.356,91.6,0.27,0.825,19.2,15.8,118.9,2.4,0.121,122.5,1.4,0.522,135.1,0.9,0.215,114.3,0.312,0.236,0.19,0.426,0.066,0.196,0.262
165,Portland,108.4,0.511,0.138,0.268,19.2,106.3,0.507,0.131,0.241,19.3,2018,Portland 2018,0.511,0.526,0.582,0.405,0.422,0.413,0.378,0.364,0.366,93.5,0.271,0.824,19.5,16.9,112.0,1.9,0.119,117.7,1.0,0.567,123.9,0.8,0.206,112.5,0.346,0.183,0.166,0.349,0.056,0.248,0.305
166,New Orleans,109.3,0.547,0.146,0.227,18.4,107.2,0.513,0.141,0.258,17.4,2018,New Orleans 2018,0.546,0.529,0.652,0.459,0.403,0.436,0.404,0.357,0.369,96.2,0.228,0.807,18.1,14.1,126.1,2.7,0.155,121.5,1.4,0.593,131.0,1.3,0.294,117.6,0.36,0.201,0.14,0.341,0.077,0.221,0.298
167,Indiana,109.3,0.528,0.138,0.256,17.4,107.4,0.528,0.162,0.264,17.3,2018,Indiana 2018,0.528,0.521,0.624,0.42,0.431,0.426,0.427,0.36,0.376,93.3,0.255,0.796,16.6,15.1,107.1,4.1,0.161,128.1,2.3,0.67,136.9,1.7,0.283,121.6,0.349,0.163,0.227,0.39,0.061,0.2,0.262
168,Denver,112.1,0.539,0.153,0.288,19.8,110.5,0.542,0.141,0.249,17.3,2018,Denver 2018,0.538,0.532,0.634,0.413,0.405,0.41,0.419,0.365,0.374,94.4,0.295,0.789,22.5,18.9,116.0,3.8,0.156,127.8,2.1,0.64,142.4,1.7,0.293,120.9,0.361,0.209,0.101,0.31,0.059,0.27,0.329
169,Washington,108.6,0.527,0.149,0.262,19.6,107.8,0.523,0.154,0.254,21.4,2018,Washington 2018,0.526,0.514,0.641,0.428,0.414,0.421,0.379,0.377,0.377,93.2,0.267,0.798,18.5,17.0,106.3,3.4,0.153,125.3,2.0,0.638,139.6,1.4,0.282,118.4,0.307,0.208,0.199,0.407,0.06,0.226,0.285
170,Cleveland,112.7,0.549,0.139,0.233,21.5,112.0,0.545,0.136,0.253,16.6,2018,Cleveland 2018,0.548,0.535,0.684,0.366,0.405,0.386,0.408,0.361,0.374,98.9,0.243,0.793,16.2,14.8,107.5,3.3,0.166,123.7,1.6,0.594,140.7,1.6,0.345,116.1,0.35,0.15,0.151,0.302,0.096,0.252,0.348
171,Miami,107.0,0.524,0.149,0.248,17.2,106.4,0.511,0.146,0.243,21.8,2018,Miami 2018,0.523,0.532,0.636,0.386,0.375,0.381,0.389,0.359,0.367,93.3,0.253,0.82,15.2,14.3,103.8,2.3,0.139,117.5,1.4,0.571,131.8,0.9,0.258,110.4,0.348,0.184,0.136,0.319,0.091,0.242,0.332
172,Charlotte,109.3,0.512,0.129,0.255,23.4,109.1,0.536,0.138,0.225,16.4,2018,Charlotte 2018,0.511,0.522,0.612,0.407,0.365,0.387,0.369,0.38,0.378,93.2,0.263,0.8,19.6,17.3,110.3,3.5,0.145,126.6,1.5,0.593,134.8,2.1,0.278,124.2,0.345,0.198,0.175,0.373,0.047,0.235,0.282
173,LA Clippers,109.8,0.527,0.15,0.274,22.3,110.0,0.524,0.141,0.268,20.3,2018,LA Clippers 2018,0.527,0.54,0.631,0.395,0.38,0.389,0.339,0.36,0.355,94.1,0.294,0.796,21.6,17.9,118.6,1.8,0.156,113.3,1.1,0.615,123.8,0.7,0.304,109.4,0.413,0.182,0.115,0.297,0.068,0.222,0.29
174,Detroit,107.2,0.514,0.138,0.255,16.9,107.4,0.528,0.154,0.247,17.3,2018,Detroit 2018,0.514,0.523,0.617,0.371,0.404,0.385,0.385,0.376,0.378,91.1,0.256,0.781,19.4,17.7,106.9,3.3,0.162,122.2,1.8,0.596,139.0,1.5,0.32,115.7,0.327,0.214,0.152,0.366,0.077,0.231,0.307
175,Milwaukee,109.3,0.534,0.142,0.23,22.0,109.6,0.53,0.161,0.277,22.0,2018,Milwaukee 2018,0.533,0.531,0.645,0.412,0.425,0.418,0.406,0.343,0.36,95.9,0.235,0.78,16.1,14.6,108.8,3.4,0.184,121.3,2.1,0.687,135.4,1.4,0.351,114.9,0.383,0.175,0.17,0.345,0.075,0.198,0.272
176,LA Lakers,106.5,0.521,0.155,0.265,19.1,107.7,0.517,0.14,0.257,19.1,2018,LA Lakers 2018,0.521,0.537,0.637,0.374,0.371,0.373,0.402,0.343,0.353,90.0,0.267,0.768,21.3,17.7,117.5,3.1,0.186,118.5,1.9,0.695,137.1,1.2,0.361,111.2,0.397,0.174,0.126,0.3,0.054,0.248,0.303
177,Dallas,105.9,0.516,0.127,0.208,16.6,109.1,0.537,0.142,0.237,19.3,2018,Dallas 2018,0.515,0.523,0.621,0.398,0.4,0.399,0.418,0.353,0.365,93.7,0.216,0.837,15.0,13.4,110.0,1.4,0.119,113.6,1.3,0.538,133.0,0.0,0.218,103.4,0.299,0.17,0.175,0.345,0.065,0.291,0.355
178,Brooklyn,106.8,0.516,0.151,0.243,19.9,110.7,0.518,0.124,0.259,20.2,2018,Brooklyn 2018,0.516,0.534,0.618,0.385,0.356,0.376,0.365,0.357,0.359,93.0,0.247,0.808,17.1,15.2,110.4,1.7,0.143,113.7,1.2,0.671,131.3,0.4,0.28,105.8,0.332,0.197,0.09,0.286,0.084,0.298,0.381
179,New York,106.9,0.515,0.15,0.277,17.0,111.0,0.527,0.135,0.259,20.9,2018,New York 2018,0.515,0.513,0.63,0.432,0.4,0.416,0.408,0.349,0.361,91.3,0.274,0.806,19.8,17.6,109.9,2.6,0.137,119.6,1.3,0.619,131.0,1.2,0.265,114.5,0.326,0.215,0.214,0.428,0.052,0.194,0.246
180,Orlando,105.3,0.514,0.148,0.234,18.1,110.3,0.529,0.145,0.272,18.7,2018,Orlando 2018,0.514,0.524,0.656,0.368,0.389,0.377,0.361,0.352,0.354,91.4,0.231,0.811,13.7,13.5,99.8,2.8,0.151,120.3,1.6,0.607,131.6,1.3,0.299,114.8,0.33,0.207,0.146,0.352,0.063,0.255,0.317
181,Memphis,104.5,0.504,0.158,0.258,20.3,110.9,0.531,0.154,0.268,25.8,2018,Memphis 2018,0.504,0.532,0.597,0.365,0.398,0.381,0.354,0.359,0.358,89.2,0.266,0.813,16.7,15.4,106.1,2.3,0.14,119.2,1.4,0.608,129.7,0.7,0.271,111.8,0.379,0.173,0.158,0.331,0.06,0.23,0.29
182,Atlanta,104.5,0.514,0.159,0.246,18.2,111.1,0.54,0.154,0.275,18.5,2018,Atlanta 2018,0.514,0.531,0.612,0.351,0.413,0.383,0.43,0.34,0.364,90.0,0.25,0.817,16.4,14.7,109.2,2.6,0.137,121.2,2.0,0.578,146.1,0.6,0.264,107.4,0.34,0.164,0.159,0.323,0.092,0.245,0.337
183,Chicago,103.8,0.498,0.143,0.241,16.3,111.2,0.544,0.136,0.221,18.7,2018,Chicago 2018,0.498,0.524,0.59,0.384,0.39,0.386,0.381,0.354,0.359,89.8,0.243,0.795,14.8,15.3,93.7,1.9,0.159,114.6,1.1,0.657,122.6,0.7,0.287,108.8,0.323,0.186,0.164,0.35,0.065,0.261,0.327
184,Sacramento,103.5,0.505,0.145,0.245,14.1,111.2,0.544,0.15,0.253,20.2,2018,Sacramento 2018,0.505,0.509,0.622,0.388,0.396,0.392,0.412,0.372,0.382,88.5,0.247,0.814,16.3,15.2,104.9,2.6,0.14,120.5,1.5,0.588,130.4,1.0,0.262,114.7,0.302,0.241,0.198,0.439,0.059,0.2,0.259
185,Phoenix,103.1,0.497,0.158,0.26,20.3,112.9,0.535,0.133,0.262,21.4,2018,Phoenix 2018,0.497,0.53,0.598,0.392,0.371,0.383,0.364,0.333,0.34,87.9,0.267,0.781,18.7,17.6,103.6,1.7,0.171,111.9,1.5,0.674,131.5,0.3,0.342,105.3,0.37,0.198,0.139,0.337,0.067,0.226,0.293
186,Average,110.6,0.527,0.14,0.259,19.9,110.6,0.527,0.14,0.259,19.9,2019,Average 2019,0.527,0.531,0.629,0.403,0.405,0.404,0.383,0.353,0.36,94.7,0.263,0.798,19.1,17.0,109.6,2.6,0.153,122.7,1.5,0.639,134.2,1.1,0.288,117.4,0.361,0.185,0.122,0.307,0.078,0.254,0.331
187,Milwaukee,114.9,0.554,0.132,0.238,19.9,105.8,0.507,0.13,0.229,16.1,2019,Milwaukee 2019,0.554,0.547,0.667,0.386,0.388,0.386,0.378,0.352,0.357,100.3,0.238,0.782,16.3,15.2,105.0,3.7,0.185,126.2,1.7,0.662,138.1,2.0,0.342,122.2,0.406,0.134,0.077,0.21,0.079,0.305,0.384
188,Golden State,116.5,0.571,0.14,0.246,18.7,108.7,0.509,0.133,0.26,20.2,2019,Golden State 2019,0.571,0.522,0.682,0.438,0.478,0.459,0.428,0.382,0.392,102.2,0.243,0.8,17.2,15.1,111.2,3.5,0.159,128.5,1.5,0.586,140.4,2.0,0.308,124.9,0.305,0.16,0.174,0.333,0.077,0.285,0.362
189,Utah,111.4,0.542,0.15,0.262,22.0,104.7,0.506,0.137,0.227,18.6,2019,Utah 2019,0.543,0.543,0.651,0.361,0.414,0.379,0.381,0.357,0.364,95.9,0.272,0.805,20.7,18.0,112.7,2.4,0.142,123.2,1.7,0.613,136.9,0.7,0.248,115.2,0.393,0.164,0.083,0.247,0.111,0.249,0.36
190,Toronto,113.5,0.546,0.137,0.246,20.0,107.3,0.511,0.15,0.263,18.8,2019,Toronto 2019,0.546,0.532,0.641,0.433,0.439,0.435,0.427,0.346,0.37,96.4,0.25,0.776,19.3,16.3,116.4,4.7,0.182,132.2,2.1,0.68,140.2,2.7,0.342,129.1,0.355,0.187,0.11,0.298,0.102,0.245,0.348
191,Houston,115.5,0.545,0.134,0.254,22.1,110.8,0.526,0.153,0.288,20.8,2019,Houston 2019,0.544,0.546,0.639,0.396,0.413,0.4,0.373,0.354,0.359,100.5,0.267,0.815,15.6,14.8,103.4,2.8,0.142,124.6,1.3,0.577,130.6,1.3,0.262,120.7,0.333,0.141,0.04,0.181,0.124,0.361,0.486
192,Portland,114.8,0.531,0.136,0.296,21.2,110.4,0.52,0.124,0.245,19.6,2019,Portland 2019,0.531,0.534,0.605,0.416,0.443,0.429,0.356,0.362,0.361,97.6,0.298,0.819,22.0,19.5,109.5,2.6,0.121,127.3,1.4,0.606,140.9,1.0,0.216,119.1,0.392,0.152,0.14,0.292,0.053,0.264,0.316
193,Boston,112.1,0.537,0.128,0.244,17.3,107.9,0.519,0.152,0.26,20.0,2019,Boston 2019,0.537,0.524,0.643,0.428,0.432,0.429,0.34,0.376,0.368,97.0,0.234,0.794,16.7,14.7,110.9,3.4,0.161,127.6,2.1,0.701,140.9,1.1,0.28,117.4,0.315,0.181,0.145,0.326,0.08,0.279,0.359
194,Oklahoma City,110.5,0.518,0.133,0.285,19.1,106.7,0.526,0.161,0.248,20.6,2019,Oklahoma City 2019,0.518,0.536,0.622,0.379,0.368,0.375,0.375,0.345,0.354,92.8,0.296,0.759,21.4,19.7,105.4,2.6,0.194,117.5,1.6,0.683,130.2,1.1,0.358,113.2,0.391,0.168,0.122,0.29,0.088,0.231,0.32
195,Denver,112.9,0.531,0.138,0.297,17.7,109.3,0.524,0.137,0.247,19.5,2019,Denver 2019,0.531,0.527,0.632,0.439,0.405,0.429,0.396,0.346,0.356,95.3,0.308,0.792,21.2,19.1,107.7,2.4,0.152,121.3,1.4,0.646,129.6,1.1,0.277,117.3,0.353,0.224,0.1,0.323,0.069,0.255,0.324
196,Indiana,110.0,0.531,0.139,0.255,18.4,107.1,0.522,0.162,0.266,18.2,2019,Indiana 2019,0.531,0.527,0.621,0.422,0.405,0.413,0.428,0.362,0.379,93.8,0.255,0.805,19.3,15.4,122.4,3.0,0.15,123.9,1.9,0.658,133.9,1.0,0.255,116.7,0.382,0.17,0.18,0.349,0.068,0.2,0.268
197,Philadelphia,112.2,0.535,0.148,0.268,24.4,109.6,0.515,0.124,0.244,20.5,2019,Philadelphia 2019,0.535,0.527,0.658,0.407,0.391,0.4,0.371,0.364,0.366,95.7,0.274,0.783,22.8,19.3,115.0,2.8,0.163,122.7,1.6,0.671,136.2,1.2,0.31,117.6,0.359,0.194,0.137,0.33,0.062,0.249,0.311
198,San Antonio,113.5,0.538,0.12,0.228,19.4,111.5,0.532,0.124,0.242,17.4,2019,San Antonio 2019,0.538,0.5,0.656,0.456,0.427,0.442,0.465,0.384,0.401,100.0,0.227,0.839,17.0,14.8,112.3,2.5,0.115,129.4,1.0,0.548,136.1,1.5,0.218,126.9,0.265,0.249,0.22,0.469,0.055,0.211,0.266
199,Orlando,109.4,0.523,0.135,0.248,16.8,108.4,0.519,0.132,0.228,18.5,2019,Orlando 2019,0.523,0.521,0.638,0.412,0.399,0.406,0.386,0.357,0.363,93.8,0.254,0.816,18.4,16.2,111.2,2.2,0.135,124.1,1.2,0.583,136.4,1.0,0.259,118.1,0.312,0.183,0.164,0.346,0.07,0.272,0.342
200,LA Clippers,112.4,0.533,0.141,0.251,25.9,111.7,0.518,0.127,0.265,22.6,2019,LA Clippers 2019,0.532,0.528,0.604,0.412,0.4,0.408,0.419,0.389,0.396,97.1,0.248,0.801,19.0,16.5,112.6,3.0,0.152,124.1,1.4,0.667,135.3,1.5,0.297,119.7,0.386,0.206,0.137,0.344,0.062,0.208,0.27
201,Detroit,109.5,0.514,0.142,0.275,19.7,109.3,0.529,0.144,0.241,21.0,2019,Detroit 2019,0.514,0.534,0.61,0.369,0.419,0.387,0.386,0.341,0.354,92.9,0.277,0.807,19.2,18.5,100.8,2.3,0.135,122.4,1.3,0.582,135.0,1.1,0.261,117.3,0.352,0.187,0.095,0.282,0.101,0.265,0.366
202,Brooklyn,109.7,0.524,0.147,0.269,21.3,109.9,0.516,0.132,0.268,19.3,2019,Brooklyn 2019,0.524,0.538,0.612,0.374,0.397,0.381,0.383,0.354,0.36,94.9,0.272,0.804,17.9,17.0,102.2,2.0,0.146,117.3,1.0,0.64,125.6,1.0,0.288,113.8,0.374,0.181,0.075,0.256,0.075,0.295,0.37
203,Miami,107.6,0.516,0.151,0.281,17.3,107.8,0.512,0.144,0.258,20.3,2019,Miami 2019,0.516,0.532,0.626,0.386,0.358,0.377,0.376,0.344,0.353,91.0,0.285,0.804,20.5,19.0,104.2,1.5,0.14,114.4,1.1,0.561,128.9,0.4,0.26,107.3,0.359,0.205,0.096,0.302,0.095,0.244,0.339
204,Sacramento,110.1,0.526,0.129,0.256,17.7,110.9,0.534,0.154,0.274,20.7,2019,Sacramento 2019,0.526,0.525,0.629,0.38,0.395,0.386,0.404,0.38,0.385,92.6,0.26,0.752,20.3,18.4,107.4,4.2,0.196,127.6,2.3,0.735,144.7,1.8,0.383,120.7,0.357,0.21,0.137,0.346,0.064,0.233,0.297
205,Charlotte,111.9,0.517,0.122,0.255,20.6,112.8,0.54,0.137,0.257,18.0,2019,Charlotte 2019,0.517,0.533,0.59,0.398,0.428,0.409,0.408,0.345,0.359,95.8,0.259,0.804,17.1,15.7,106.3,2.8,0.149,124.3,1.6,0.62,139.7,1.1,0.293,116.6,0.363,0.179,0.108,0.288,0.074,0.275,0.349
206,New Orleans,111.6,0.532,0.143,0.271,19.5,112.8,0.534,0.13,0.26,19.3,2019,New Orleans 2019,0.532,0.533,0.647,0.426,0.368,0.408,0.356,0.346,0.348,95.9,0.277,0.799,22.0,18.5,115.8,1.6,0.151,115.5,1.2,0.635,129.4,0.4,0.287,108.9,0.393,0.214,0.094,0.308,0.068,0.232,0.299
207,Dallas,109.9,0.523,0.142,0.256,21.8,111.5,0.526,0.129,0.254,19.4,2019,Dallas 2019,0.523,0.532,0.648,0.393,0.377,0.387,0.381,0.34,0.349,95.0,0.264,0.815,18.9,16.7,111.0,1.5,0.132,114.7,1.2,0.609,131.4,0.3,0.251,107.4,0.336,0.184,0.093,0.277,0.081,0.306,0.388
208,LA Lakers,108.3,0.53,0.151,0.257,18.0,109.8,0.518,0.137,0.264,19.4,2019,LA Lakers 2019,0.531,0.543,0.647,0.375,0.401,0.386,0.343,0.336,0.338,92.1,0.266,0.768,19.9,17.7,109.5,2.6,0.189,118.6,1.7,0.718,134.1,0.9,0.371,112.9,0.427,0.154,0.103,0.258,0.073,0.243,0.316
209,Minnesota,111.5,0.515,0.132,0.28,21.1,113.2,0.54,0.146,0.28,19.0,2019,Minnesota 2019,0.515,0.523,0.63,0.392,0.402,0.397,0.384,0.348,0.357,93.3,0.281,0.809,21.8,18.5,114.2,2.8,0.134,127.2,1.5,0.606,134.0,1.4,0.24,124.7,0.357,0.208,0.151,0.359,0.068,0.216,0.284
210,Washington,111.0,0.534,0.137,0.242,20.4,113.9,0.551,0.153,0.283,20.1,2019,Washington 2019,0.534,0.536,0.669,0.403,0.391,0.397,0.366,0.337,0.344,95.6,0.248,0.785,19.3,17.0,110.8,3.1,0.165,124.7,1.4,0.651,132.3,1.6,0.325,121.5,0.381,0.149,0.131,0.28,0.081,0.258,0.339
211,Memphis,106.1,0.511,0.143,0.231,20.9,109.2,0.524,0.156,0.263,23.6,2019,Memphis 2019,0.511,0.525,0.618,0.408,0.401,0.405,0.362,0.341,0.347,91.7,0.238,0.825,16.4,14.7,109.8,2.0,0.133,121.5,1.2,0.56,129.3,0.8,0.241,117.8,0.346,0.221,0.119,0.34,0.079,0.235,0.315
212,Atlanta,107.7,0.523,0.164,0.272,19.0,114.5,0.547,0.142,0.267,23.8,2019,Atlanta 2019,0.523,0.545,0.607,0.372,0.371,0.372,0.391,0.344,0.357,91.6,0.27,0.77,20.4,19.1,103.3,2.2,0.175,117.6,0.9,0.713,119.4,1.2,0.347,116.3,0.396,0.162,0.069,0.231,0.102,0.271,0.373
213,Chicago,104.9,0.506,0.143,0.228,18.3,113.7,0.545,0.133,0.256,18.9,2019,Chicago 2019,0.506,0.526,0.595,0.41,0.38,0.398,0.397,0.343,0.356,90.6,0.242,0.822,15.1,13.9,106.8,2.0,0.137,120.3,1.6,0.643,137.7,0.5,0.246,111.2,0.375,0.211,0.137,0.348,0.065,0.212,0.277
214,Phoenix,105.7,0.517,0.154,0.233,20.1,115.2,0.549,0.154,0.302,23.8,2019,Phoenix 2019,0.517,0.527,0.632,0.422,0.409,0.417,0.333,0.334,0.334,90.6,0.232,0.795,18.2,15.6,113.0,2.5,0.161,122.5,1.7,0.681,134.4,0.7,0.315,112.7,0.36,0.206,0.128,0.334,0.078,0.228,0.306
215,Cleveland,107.8,0.505,0.14,0.271,18.5,117.7,0.565,0.129,0.258,18.1,2019,Cleveland 2019,0.505,0.521,0.594,0.394,0.404,0.398,0.362,0.36,0.36,90.0,0.274,0.807,20.3,17.7,112.1,2.6,0.135,123.8,1.4,0.618,135.4,1.4,0.278,119.7,0.335,0.216,0.141,0.357,0.071,0.238,0.309
216,New York,104.2,0.49,0.141,0.255,20.2,114.7,0.537,0.131,0.271,20.8,2019,New York 2019,0.49,0.529,0.576,0.366,0.387,0.376,0.349,0.342,0.343,88.0,0.261,0.804,19.7,17.7,108.6,1.8,0.138,117.5,1.2,0.657,130.4,0.7,0.262,112.7,0.374,0.167,0.153,0.32,0.058,0.249,0.306
217,Average,110.9,0.532,0.144,0.254,20.2,110.9,0.532,0.144,0.254,20.2,2020,Average 2020,0.532,0.535,0.635,0.401,0.408,0.403,0.39,0.355,0.363,95.2,0.259,0.804,19.3,16.9,111.0,2.5,0.147,122.8,1.5,0.636,135.3,1.0,0.273,117.0,0.352,0.187,0.107,0.293,0.082,0.272,0.355
218,Milwaukee,113.1,0.555,0.142,0.226,20.5,103.2,0.494,0.134,0.208,17.9,2020,Milwaukee 2020,0.555,0.539,0.677,0.407,0.479,0.432,0.386,0.351,0.359,99.5,0.228,0.782,17.8,15.8,110.1,2.7,0.185,121.0,1.3,0.621,135.2,1.4,0.35,116.3,0.349,0.167,0.089,0.257,0.087,0.308,0.394
219,Boston,113.6,0.532,0.136,0.271,21.0,106.7,0.511,0.154,0.256,21.6,2020,Boston 2020,0.532,0.534,0.621,0.402,0.418,0.408,0.386,0.364,0.369,96.8,0.286,0.788,20.3,18.6,105.7,2.6,0.157,122.5,1.7,0.641,135.2,0.8,0.279,115.4,0.35,0.188,0.103,0.292,0.071,0.287,0.358
220,LA Clippers,114.2,0.536,0.141,0.267,23.8,107.7,0.509,0.139,0.249,20.0,2020,LA Clippers 2020,0.535,0.532,0.631,0.422,0.402,0.414,0.39,0.364,0.371,98.2,0.275,0.793,19.8,18.3,105.2,2.9,0.158,123.7,1.9,0.657,146.8,0.8,0.29,112.2,0.346,0.196,0.118,0.314,0.092,0.248,0.34
221,Toronto,111.0,0.535,0.145,0.24,21.1,105.3,0.506,0.167,0.263,20.3,2020,Toronto 2020,0.535,0.548,0.612,0.369,0.361,0.367,0.379,0.373,0.374,94.5,0.236,0.775,17.8,15.4,112.8,3.6,0.184,125.3,1.8,0.657,137.8,1.9,0.34,121.1,0.39,0.146,0.076,0.221,0.092,0.297,0.389
222,LA Lakers,112.3,0.543,0.15,0.27,20.4,106.7,0.519,0.158,0.249,20.6,2020,LA Lakers 2020,0.543,0.543,0.688,0.379,0.365,0.372,0.409,0.329,0.353,94.4,0.273,0.786,22.3,19.2,113.3,3.8,0.161,129.8,2.0,0.619,142.5,1.9,0.295,125.0,0.398,0.153,0.124,0.277,0.096,0.229,0.325
223,Dallas,116.9,0.548,0.127,0.262,20.9,112.0,0.526,0.119,0.249,17.6,2020,Dallas 2020,0.548,0.534,0.673,0.394,0.43,0.405,0.398,0.361,0.37,100.9,0.274,0.822,21.8,17.3,123.1,1.6,0.123,118.4,1.3,0.58,141.7,0.3,0.233,108.0,0.308,0.186,0.082,0.268,0.095,0.329,0.424
224,Miami,112.9,0.551,0.148,0.238,23.6,109.7,0.524,0.14,0.232,21.3,2020,Miami 2020,0.551,0.535,0.669,0.395,0.383,0.391,0.387,0.385,0.386,99.0,0.246,0.828,16.5,14.2,114.6,2.4,0.131,125.0,1.4,0.647,134.1,0.9,0.222,118.9,0.331,0.178,0.107,0.285,0.098,0.286,0.384
225,Houston,112.9,0.539,0.138,0.234,23.2,110.2,0.53,0.155,0.279,19.4,2020,Houston 2020,0.539,0.552,0.638,0.394,0.392,0.393,0.382,0.336,0.349,98.5,0.242,0.813,14.9,13.9,105.0,2.9,0.149,125.8,1.4,0.664,129.9,1.5,0.255,125.4,0.357,0.131,0.05,0.181,0.122,0.34,0.462
226,Philadelphia,111.9,0.537,0.143,0.269,19.4,109.1,0.526,0.139,0.236,21.5,2020,Philadelphia 2020,0.537,0.526,0.647,0.413,0.407,0.411,0.415,0.363,0.374,96.8,0.281,0.801,19.2,18.2,102.3,2.0,0.145,120.9,1.4,0.639,132.3,0.6,0.255,114.5,0.33,0.213,0.124,0.338,0.073,0.259,0.332
227,Utah,112.4,0.553,0.151,0.244,21.2,109.9,0.522,0.124,0.238,18.5,2020,Utah 2020,0.553,0.536,0.656,0.4,0.425,0.406,0.413,0.376,0.386,98.0,0.253,0.831,19.3,15.4,123.0,1.8,0.127,119.9,1.2,0.655,134.0,0.6,0.231,113.6,0.338,0.212,0.068,0.28,0.11,0.272,0.382
228,Indiana,110.7,0.539,0.133,0.23,17.1,108.4,0.515,0.148,0.268,19.4,2020,Indiana 2020,0.539,0.53,0.624,0.448,0.423,0.436,0.399,0.366,0.374,96.5,0.232,0.82,18.3,14.9,120.7,2.0,0.135,121.2,1.7,0.679,140.4,0.4,0.229,110.9,0.365,0.184,0.156,0.34,0.074,0.221,0.295
229,Denver,113.2,0.537,0.14,0.279,18.6,111.1,0.533,0.144,0.259,20.0,2020,Denver 2020,0.537,0.528,0.655,0.395,0.457,0.42,0.41,0.349,0.363,96.4,0.293,0.808,22.8,19.1,116.3,1.8,0.141,117.1,1.5,0.605,134.3,0.3,0.255,107.2,0.348,0.205,0.132,0.337,0.074,0.242,0.316
230,Oklahoma City,111.1,0.534,0.136,0.227,23.3,109.2,0.523,0.143,0.256,17.6,2020,Oklahoma City 2020,0.534,0.525,0.642,0.409,0.471,0.435,0.345,0.364,0.36,98.6,0.231,0.823,14.3,13.5,104.3,1.5,0.141,116.8,1.3,0.573,133.7,0.1,0.261,106.8,0.331,0.207,0.139,0.345,0.069,0.254,0.323
231,Orlando,109.7,0.511,0.129,0.251,20.0,109.9,0.54,0.148,0.235,17.6,2020,Orlando 2020,0.512,0.526,0.63,0.406,0.378,0.394,0.389,0.343,0.35,93.1,0.251,0.797,19.3,17.5,107.5,2.8,0.148,125.2,1.7,0.609,138.3,1.1,0.272,118.5,0.329,0.195,0.138,0.333,0.053,0.285,0.339
232,Phoenix,111.8,0.534,0.145,0.253,22.5,112.0,0.544,0.152,0.247,22.3,2020,Phoenix 2020,0.534,0.532,0.634,0.428,0.406,0.42,0.374,0.356,0.361,96.6,0.248,0.803,17.9,16.8,103.9,3.3,0.147,129.9,1.9,0.682,143.5,1.5,0.283,122.7,0.353,0.197,0.117,0.314,0.085,0.248,0.333
233,New Orleans,111.6,0.545,0.158,0.273,18.7,112.2,0.534,0.14,0.258,21.3,2020,New Orleans 2020,0.545,0.544,0.636,0.393,0.38,0.388,0.411,0.364,0.376,94.3,0.286,0.8,20.9,18.4,110.6,3.2,0.147,128.4,1.4,0.602,138.9,1.9,0.285,126.3,0.376,0.154,0.093,0.247,0.098,0.279,0.377
234,San Antonio,112.5,0.535,0.123,0.218,21.4,113.1,0.543,0.129,0.237,19.5,2020,San Antonio 2020,0.535,0.512,0.644,0.444,0.436,0.44,0.403,0.375,0.381,98.5,0.214,0.809,16.5,15.1,107.4,3.3,0.147,129.2,2.0,0.657,145.8,1.4,0.275,121.8,0.286,0.22,0.195,0.415,0.067,0.232,0.298
235,Brooklyn,109.4,0.524,0.149,0.269,19.9,110.1,0.513,0.124,0.252,19.0,2020,Brooklyn 2020,0.524,0.548,0.62,0.35,0.405,0.366,0.386,0.339,0.35,93.6,0.278,0.809,17.9,17.5,99.8,2.3,0.139,121.1,1.3,0.603,135.0,1.1,0.273,116.3,0.388,0.16,0.063,0.223,0.091,0.298,0.389
236,Portland,114.0,0.536,0.126,0.252,19.3,115.0,0.533,0.126,0.276,21.0,2020,Portland 2020,0.536,0.528,0.604,0.426,0.433,0.429,0.422,0.373,0.383,98.6,0.258,0.818,20.7,17.9,112.6,2.4,0.124,127.2,0.9,0.593,129.6,1.4,0.242,126.1,0.328,0.183,0.138,0.321,0.07,0.281,0.351
237,Memphis,109.3,0.531,0.147,0.258,18.2,110.4,0.522,0.142,0.254,22.1,2020,Memphis 2020,0.531,0.529,0.639,0.441,0.395,0.43,0.376,0.344,0.352,93.2,0.255,0.783,21.3,18.2,114.4,2.5,0.169,121.2,1.6,0.724,134.6,1.0,0.313,115.8,0.35,0.249,0.082,0.33,0.073,0.246,0.319
238,Sacramento,109.8,0.536,0.144,0.244,17.5,112.6,0.547,0.15,0.249,22.2,2020,Sacramento 2020,0.536,0.531,0.636,0.401,0.438,0.414,0.389,0.363,0.369,94.5,0.244,0.807,19.5,16.2,117.7,2.6,0.141,124.5,1.4,0.584,138.4,1.2,0.276,118.9,0.33,0.203,0.101,0.304,0.085,0.281,0.366
239,Chicago,106.6,0.52,0.155,0.255,17.6,110.0,0.55,0.18,0.268,24.1,2020,Chicago 2020,0.521,0.549,0.606,0.371,0.361,0.368,0.385,0.345,0.354,89.2,0.259,0.784,20.3,17.2,115.7,3.0,0.165,124.0,2.0,0.661,136.0,1.0,0.301,116.0,0.405,0.156,0.073,0.229,0.087,0.279,0.366
240,Detroit,109.4,0.53,0.155,0.264,19.6,113.2,0.543,0.142,0.27,18.8,2020,Detroit 2020,0.53,0.54,0.624,0.381,0.394,0.384,0.419,0.351,0.371,93.5,0.268,0.815,19.0,17.5,106.2,2.5,0.134,123.9,1.3,0.631,127.5,1.3,0.259,123.9,0.371,0.202,0.074,0.277,0.107,0.244,0.352
241,Minnesota,108.5,0.518,0.145,0.251,20.8,112.7,0.546,0.148,0.254,22.1,2020,Minnesota 2020,0.518,0.546,0.622,0.361,0.362,0.361,0.337,0.343,0.342,93.6,0.264,0.805,19.1,17.2,109.2,1.4,0.142,115.9,1.6,0.613,135.0,-0.1,0.263,107.2,0.382,0.167,0.056,0.223,0.072,0.323,0.395
242,Washington,110.6,0.523,0.137,0.249,21.5,115.9,0.562,0.155,0.277,23.2,2020,Washington 2020,0.523,0.528,0.644,0.365,0.393,0.379,0.385,0.367,0.37,94.0,0.244,0.795,19.1,15.9,118.1,3.2,0.156,126.3,1.7,0.656,138.5,1.4,0.321,120.2,0.339,0.175,0.155,0.329,0.062,0.27,0.332
243,New York,106.5,0.503,0.147,0.286,18.2,112.8,0.541,0.138,0.244,22.6,2020,New York 2020,0.503,0.533,0.608,0.384,0.388,0.386,0.376,0.331,0.341,89.1,0.291,0.801,23.2,20.4,110.0,1.6,0.132,117.0,1.6,0.627,136.0,0.1,0.229,105.5,0.386,0.178,0.149,0.327,0.066,0.221,0.287
244,Charlotte,107.0,0.51,0.152,0.267,18.7,114.0,0.549,0.147,0.282,16.2,2020,Charlotte 2020,0.51,0.544,0.594,0.344,0.339,0.343,0.394,0.351,0.361,90.3,0.275,0.802,20.1,17.9,109.8,1.7,0.143,118.5,1.0,0.635,125.5,0.8,0.297,115.7,0.384,0.187,0.057,0.244,0.082,0.29,0.372
245,Atlanta,107.5,0.518,0.155,0.255,20.2,115.1,0.546,0.143,0.277,23.7,2020,Atlanta 2020,0.518,0.536,0.642,0.399,0.381,0.393,0.337,0.336,0.336,91.6,0.252,0.793,19.5,16.5,115.0,2.3,0.159,119.3,1.0,0.695,121.1,1.3,0.306,119.1,0.352,0.194,0.086,0.28,0.082,0.285,0.367
246,Cleveland,107.5,0.525,0.169,0.285,16.9,115.4,0.56,0.129,0.248,16.2,2020,Cleveland 2020,0.525,0.533,0.605,0.432,0.405,0.424,0.411,0.344,0.359,90.6,0.294,0.814,20.3,17.9,111.1,1.9,0.134,117.7,1.1,0.649,125.2,0.8,0.255,114.3,0.358,0.214,0.09,0.304,0.073,0.265,0.338
247,Golden State,104.9,0.5,0.148,0.239,21.0,114.5,0.558,0.153,0.268,19.6,2020,Golden State 2020,0.5,0.522,0.623,0.39,0.397,0.393,0.396,0.326,0.34,90.0,0.241,0.818,17.8,16.1,107.5,1.9,0.131,119.9,1.1,0.596,126.6,1.0,0.241,117.8,0.316,0.205,0.155,0.36,0.065,0.259,0.324
248,Average,112.9,0.541,0.138,0.251,19.2,112.9,0.541,0.138,0.251,19.2,2021,Average 2021,0.541,0.545,0.641,0.428,0.417,0.424,0.393,0.365,0.372,96.9,0.256,0.806,19.5,16.8,113.2,2.7,0.147,125.8,1.5,0.628,137.7,1.1,0.275,120.0,0.333,0.203,0.103,0.306,0.088,0.274,0.361
249,Utah,118.8,0.569,0.142,0.272,20.0,107.5,0.508,0.117,0.227,15.1,2021,Utah 2021,0.569,0.549,0.655,0.449,0.388,0.437,0.404,0.392,0.396,102.0,0.28,0.805,20.3,17.7,111.8,3.7,0.146,133.8,1.1,0.587,133.9,2.5,0.272,133.2,0.29,0.208,0.049,0.257,0.126,0.327,0.453
250,LA Clippers,118.6,0.57,0.135,0.257,19.1,111.8,0.536,0.132,0.236,18.2,2021,LA Clippers 2021,0.57,0.538,0.656,0.439,0.436,0.438,0.465,0.398,0.418,103.5,0.266,0.818,20.0,16.9,116.3,2.5,0.135,127.3,1.6,0.602,141.3,1.0,0.248,120.6,0.294,0.196,0.14,0.335,0.113,0.258,0.371
251,Phoenix,117.7,0.568,0.127,0.236,17.6,111.5,0.538,0.14,0.246,19.4,2021,Phoenix 2021,0.568,0.532,0.674,0.509,0.466,0.491,0.437,0.361,0.383,102.7,0.239,0.811,19.7,15.1,127.2,3.0,0.15,127.6,1.2,0.643,129.7,1.8,0.271,128.9,0.272,0.215,0.147,0.362,0.106,0.26,0.366
252,Brooklyn,119.4,0.581,0.133,0.235,21.0,113.7,0.534,0.126,0.262,18.7,2021,Brooklyn 2021,0.582,0.548,0.656,0.474,0.462,0.471,0.412,0.398,0.401,104.8,0.252,0.805,19.5,16.1,118.1,3.0,0.153,129.4,1.2,0.613,134.3,2.0,0.306,128.4,0.34,0.199,0.082,0.281,0.088,0.291,0.379
253,Milwaukee,117.5,0.567,0.134,0.257,17.8,112.1,0.542,0.128,0.23,15.2,2021,Milwaukee 2021,0.567,0.544,0.678,0.443,0.432,0.438,0.399,0.385,0.388,102.0,0.25,0.782,20.2,17.3,114.0,3.0,0.178,123.7,1.7,0.626,140.9,1.3,0.339,117.5,0.325,0.187,0.111,0.299,0.085,0.291,0.376
254,Denver,118.0,0.563,0.137,0.284,17.5,112.5,0.548,0.146,0.24,19.6,2021,Denver 2021,0.563,0.539,0.674,0.463,0.438,0.454,0.43,0.368,0.383,100.8,0.277,0.798,22.2,18.9,113.8,3.4,0.149,130.5,1.9,0.595,144.1,1.4,0.276,123.7,0.312,0.215,0.116,0.331,0.086,0.271,0.357
255,Philadelphia,113.7,0.543,0.144,0.266,22.8,108.2,0.526,0.153,0.248,19.3,2021,Philadelphia 2021,0.543,0.536,0.632,0.446,0.458,0.451,0.423,0.363,0.38,97.1,0.27,0.793,21.7,18.4,114.4,2.5,0.16,122.7,1.8,0.609,136.3,0.7,0.288,113.8,0.322,0.236,0.129,0.365,0.09,0.223,0.313
256,LA Lakers,110.9,0.54,0.153,0.255,19.9,108.1,0.531,0.153,0.234,18.6,2021,LA Lakers 2021,0.54,0.549,0.67,0.427,0.362,0.402,0.365,0.355,0.357,94.3,0.254,0.803,20.9,17.1,119.7,2.5,0.15,123.4,1.4,0.586,135.2,1.2,0.287,119.6,0.371,0.184,0.111,0.296,0.09,0.244,0.334
257,Portland,119.1,0.546,0.112,0.263,19.7,116.7,0.552,0.128,0.255,19.8,2021,Portland 2021,0.546,0.546,0.611,0.377,0.44,0.406,0.385,0.394,0.392,101.8,0.27,0.815,22.9,18.7,119.3,2.3,0.126,125.4,0.8,0.621,122.1,1.4,0.236,127.0,0.31,0.147,0.125,0.272,0.075,0.343,0.418
258,Dallas,116.2,0.556,0.123,0.238,18.9,113.8,0.538,0.128,0.252,19.8,2021,Dallas 2021,0.556,0.54,0.688,0.457,0.43,0.447,0.376,0.366,0.369,102.2,0.242,0.837,17.6,15.0,114.7,2.0,0.117,124.5,1.1,0.616,132.0,0.9,0.215,120.5,0.285,0.197,0.11,0.307,0.09,0.318,0.408
259,New York,110.7,0.526,0.135,0.253,18.6,108.4,0.511,0.132,0.249,19.4,2021,New York 2021,0.526,0.538,0.598,0.395,0.414,0.402,0.425,0.382,0.395,94.5,0.261,0.831,18.8,16.4,111.8,2.0,0.121,124.7,1.2,0.581,133.3,0.9,0.209,121.2,0.324,0.225,0.131,0.356,0.098,0.222,0.32
260,Atlanta,115.5,0.542,0.133,0.268,22.6,113.2,0.533,0.125,0.247,19.0,2021,Atlanta 2021,0.542,0.542,0.634,0.431,0.442,0.434,0.394,0.369,0.375,99.2,0.273,0.798,23.7,19.9,115.4,2.4,0.141,125.8,1.2,0.598,134.6,1.1,0.268,121.2,0.324,0.227,0.095,0.322,0.08,0.273,0.354
261,Boston,114.2,0.545,0.14,0.271,18.1,112.6,0.543,0.143,0.251,21.4,2021,Boston 2021,0.545,0.54,0.665,0.416,0.412,0.415,0.391,0.375,0.379,96.9,0.287,0.808,20.1,18.0,108.9,3.0,0.143,129.4,2.0,0.614,148.9,0.8,0.263,117.1,0.301,0.214,0.104,0.318,0.077,0.304,0.381
262,Memphis,112.3,0.528,0.131,0.274,17.6,111.6,0.539,0.146,0.249,19.4,2021,Memphis 2021,0.528,0.536,0.637,0.442,0.412,0.436,0.374,0.35,0.357,92.4,0.28,0.772,23.2,19.5,115.5,4.0,0.174,131.6,2.2,0.654,146.1,1.9,0.322,124.5,0.321,0.294,0.073,0.367,0.087,0.224,0.311
263,Golden State,111.1,0.55,0.147,0.208,19.1,110.7,0.526,0.146,0.258,22.9,2021,Golden State 2021,0.55,0.547,0.665,0.424,0.376,0.406,0.398,0.369,0.376,98.4,0.218,0.827,15.1,13.3,111.4,1.8,0.135,122.1,1.1,0.564,132.4,0.8,0.249,118.5,0.319,0.177,0.1,0.277,0.094,0.311,0.405
264,Miami,111.8,0.547,0.144,0.223,20.2,111.7,0.545,0.157,0.252,18.4,2021,Miami 2021,0.547,0.549,0.681,0.412,0.408,0.41,0.352,0.366,0.362,97.5,0.228,0.817,15.9,13.7,114.4,2.8,0.149,126.7,1.7,0.627,135.6,1.1,0.271,122.0,0.328,0.178,0.095,0.273,0.105,0.295,0.4
265,Indiana,112.5,0.544,0.131,0.231,17.8,112.9,0.534,0.144,0.285,20.2,2021,Indiana 2021,0.544,0.555,0.624,0.431,0.424,0.429,0.41,0.352,0.365,96.8,0.234,0.805,17.9,14.3,123.4,3.2,0.155,129.1,1.8,0.661,140.4,1.2,0.287,121.5,0.392,0.184,0.078,0.262,0.077,0.269,0.346
266,New Orleans,114.0,0.54,0.144,0.286,21.6,114.7,0.555,0.131,0.231,18.9,2021,New Orleans 2021,0.54,0.557,0.636,0.414,0.44,0.424,0.351,0.352,0.352,96.0,0.292,0.788,25.3,21.6,113.5,2.8,0.152,125.8,1.4,0.655,133.1,1.4,0.284,122.8,0.418,0.172,0.098,0.271,0.081,0.23,0.311
267,San Antonio,111.8,0.521,0.113,0.23,18.9,112.8,0.541,0.132,0.249,17.4,2021,San Antonio 2021,0.521,0.531,0.627,0.427,0.446,0.435,0.37,0.353,0.357,97.2,0.234,0.812,17.5,15.7,109.2,2.0,0.14,121.2,1.2,0.641,131.6,0.8,0.265,116.0,0.315,0.236,0.156,0.392,0.064,0.23,0.294
268,Toronto,112.3,0.532,0.132,0.24,19.9,113.5,0.548,0.162,0.276,23.4,2021,Toronto 2021,0.532,0.551,0.624,0.385,0.39,0.387,0.376,0.37,0.372,95.6,0.244,0.793,17.9,15.2,115.6,3.4,0.166,127.5,1.7,0.631,137.5,1.7,0.328,124.0,0.334,0.177,0.082,0.26,0.1,0.307,0.406
269,Chicago,111.8,0.551,0.15,0.249,15.3,113.1,0.542,0.126,0.221,19.8,2021,Chicago 2021,0.551,0.547,0.649,0.441,0.423,0.435,0.424,0.36,0.376,95.8,0.252,0.823,20.7,17.0,119.0,2.7,0.129,129.8,1.6,0.605,143.4,1.2,0.241,124.1,0.348,0.191,0.103,0.294,0.09,0.269,0.358
270,Washington,111.6,0.533,0.136,0.238,22.1,113.2,0.54,0.14,0.251,21.5,2021,Washington 2021,0.534,0.53,0.667,0.462,0.421,0.447,0.365,0.352,0.356,96.2,0.247,0.78,18.6,16.1,113.8,2.8,0.178,122.8,1.7,0.669,141.4,1.0,0.366,115.2,0.309,0.249,0.15,0.399,0.074,0.218,0.292
271,Charlotte,111.0,0.537,0.151,0.261,17.7,113.5,0.556,0.148,0.261,16.4,2021,Charlotte 2021,0.537,0.555,0.604,0.409,0.398,0.406,0.415,0.364,0.376,94.7,0.266,0.794,18.0,17.2,102.0,2.9,0.158,125.9,2.4,0.668,151.0,0.5,0.3,111.9,0.36,0.169,0.079,0.248,0.094,0.298,0.392
272,Sacramento,114.2,0.553,0.133,0.242,18.5,117.6,0.559,0.136,0.275,20.3,2021,Sacramento 2021,0.553,0.541,0.674,0.451,0.415,0.441,0.43,0.353,0.371,98.3,0.243,0.803,18.5,16.5,109.5,3.7,0.149,132.4,2.0,0.644,147.6,1.6,0.306,124.6,0.327,0.244,0.083,0.327,0.081,0.265,0.346
273,Detroit,108.4,0.52,0.152,0.257,20.7,113.2,0.543,0.141,0.262,19.5,2021,Detroit 2021,0.519,0.551,0.629,0.375,0.389,0.379,0.35,0.353,0.352,91.8,0.262,0.812,19.0,16.3,114.6,2.0,0.14,120.7,1.5,0.621,136.8,0.6,0.271,112.9,0.365,0.196,0.086,0.282,0.087,0.266,0.353
274,Minnesota,110.1,0.523,0.141,0.26,19.3,116.2,0.559,0.148,0.271,20.7,2021,Minnesota 2021,0.523,0.556,0.615,0.379,0.37,0.376,0.37,0.352,0.356,93.9,0.261,0.799,19.1,17.6,105.8,2.3,0.148,122.1,1.8,0.72,134.5,0.5,0.255,113.2,0.378,0.17,0.075,0.246,0.088,0.289,0.377
275,Houston,107.7,0.526,0.146,0.226,18.7,116.2,0.56,0.144,0.268,20.2,2021,Houston 2021,0.527,0.561,0.642,0.37,0.321,0.353,0.351,0.344,0.346,93.0,0.236,0.83,16.6,14.5,113.0,2.0,0.129,123.8,1.4,0.659,133.6,0.4,0.226,115.1,0.374,0.14,0.07,0.209,0.104,0.313,0.417
276,Cleveland,106.3,0.512,0.16,0.275,19.2,115.1,0.56,0.143,0.254,18.5,2021,Cleveland 2021,0.512,0.551,0.603,0.417,0.373,0.407,0.377,0.331,0.342,89.2,0.277,0.808,19.3,17.9,104.8,2.1,0.142,122.4,1.9,0.639,143.1,0.3,0.267,110.2,0.387,0.227,0.069,0.296,0.074,0.242,0.316
277,Orlando,105.6,0.495,0.131,0.239,18.1,114.7,0.549,0.129,0.245,17.1,2021,Orlando 2021,0.495,0.528,0.605,0.393,0.403,0.397,0.361,0.348,0.35,88.7,0.242,0.802,18.5,16.4,110.0,2.5,0.145,125.3,1.3,0.62,135.1,1.2,0.277,120.4,0.279,0.232,0.154,0.386,0.056,0.279,0.335
278,Oklahoma City,103.9,0.514,0.16,0.238,17.1,115.1,0.549,0.125,0.249,16.9,2021,Oklahoma City 2021,0.514,0.552,0.595,0.409,0.386,0.403,0.38,0.34,0.348,89.9,0.247,0.812,16.9,16.3,100.6,1.1,0.139,115.5,1.0,0.634,130.3,0.2,0.263,109.9,0.365,0.196,0.072,0.268,0.077,0.29,0.367
279,Average,111.4,0.531,0.14,0.261,19.0,111.4,0.531,0.14,0.261,19.0,2022,Average 2022,0.531,0.535,0.648,0.425,0.411,0.42,0.383,0.346,0.355,94.9,0.265,0.8,19.7,17.3,110.7,2.7,0.15,124.3,1.6,0.623,138.0,1.1,0.282,117.7,0.324,0.206,0.102,0.308,0.094,0.274,0.368
280,Phoenix,115.4,0.552,0.127,0.245,18.0,106.6,0.51,0.148,0.26,18.1,2022,Phoenix 2022,0.552,0.514,0.677,0.492,0.462,0.482,0.396,0.364,0.373,99.5,0.247,0.796,18.8,17.0,108.1,3.7,0.155,131.9,2.1,0.617,145.6,1.7,0.267,126.1,0.246,0.281,0.143,0.424,0.093,0.237,0.33
281,Utah,117.5,0.562,0.144,0.282,20.6,109.9,0.522,0.124,0.252,15.4,2022,Utah 2022,0.562,0.539,0.691,0.451,0.416,0.446,0.398,0.359,0.37,100.7,0.296,0.808,23.1,18.8,120.0,2.5,0.139,123.6,1.5,0.598,140.2,1.0,0.254,116.0,0.304,0.221,0.04,0.261,0.115,0.32,0.435
282,Golden State,112.6,0.553,0.153,0.257,17.8,106.9,0.514,0.153,0.256,20.0,2022,Golden State 2022,0.553,0.539,0.701,0.426,0.378,0.409,0.347,0.371,0.365,97.5,0.26,0.799,19.0,17.0,108.9,2.3,0.153,120.2,1.8,0.615,135.1,0.6,0.25,110.9,0.312,0.172,0.089,0.262,0.102,0.324,0.427
283,Miami,113.5,0.545,0.15,0.271,20.2,108.1,0.524,0.157,0.251,20.3,2022,Miami 2022,0.545,0.535,0.655,0.423,0.385,0.411,0.417,0.366,0.383,96.5,0.277,0.806,18.6,17.0,106.9,3.6,0.145,132.9,1.6,0.561,141.6,2.0,0.276,130.1,0.309,0.217,0.095,0.312,0.124,0.256,0.38
284,Boston,112.1,0.53,0.14,0.264,19.9,106.6,0.502,0.144,0.266,18.3,2022,Boston 2022,0.53,0.532,0.683,0.406,0.412,0.409,0.392,0.331,0.347,96.2,0.268,0.808,20.6,18.1,110.5,1.9,0.139,120.6,1.5,0.599,138.8,0.4,0.248,112.4,0.302,0.201,0.111,0.312,0.098,0.287,0.385
285,Memphis,114.9,0.524,0.131,0.326,18.5,109.6,0.527,0.15,0.259,18.8,2022,Memphis 2022,0.523,0.536,0.637,0.42,0.395,0.415,0.365,0.345,0.35,92.6,0.329,0.747,26.9,22.6,115.3,4.2,0.188,127.1,2.7,0.665,146.0,1.3,0.339,114.7,0.35,0.268,0.065,0.333,0.08,0.236,0.317
286,Milwaukee,115.2,0.548,0.133,0.258,19.8,110.5,0.532,0.133,0.241,16.4,2022,Milwaukee 2022,0.548,0.535,0.673,0.435,0.411,0.426,0.39,0.362,0.369,98.9,0.269,0.785,20.4,17.8,111.8,2.7,0.169,123.1,1.5,0.602,138.5,1.4,0.328,118.4,0.305,0.189,0.101,0.29,0.104,0.301,0.404
287,Minnesota,113.9,0.538,0.143,0.281,18.8,110.2,0.531,0.165,0.282,23.2,2022,Minnesota 2022,0.538,0.545,0.642,0.423,0.381,0.411,0.385,0.349,0.358,96.0,0.289,0.776,22.8,19.9,111.0,2.7,0.167,122.5,1.8,0.694,135.0,0.8,0.306,114.1,0.34,0.173,0.063,0.235,0.103,0.322,0.425
288,Cleveland,111.0,0.536,0.152,0.266,19.5,107.8,0.513,0.144,0.265,16.0,2022,Cleveland 2022,0.536,0.541,0.663,0.399,0.428,0.407,0.348,0.353,0.351,93.2,0.278,0.803,21.5,18.7,112.0,3.2,0.143,129.5,1.8,0.581,146.8,1.4,0.269,121.0,0.355,0.203,0.083,0.287,0.09,0.269,0.359
289,Dallas,112.3,0.534,0.128,0.245,18.6,109.1,0.523,0.142,0.253,18.0,2022,Dallas 2022,0.534,0.527,0.685,0.449,0.412,0.437,0.397,0.33,0.348,98.7,0.252,0.833,14.9,14.6,100.0,1.1,0.128,114.8,0.7,0.564,122.4,0.4,0.234,111.6,0.269,0.225,0.104,0.329,0.11,0.292,0.402
290,Philadelphia,112.6,0.532,0.129,0.228,22.5,110.0,0.52,0.137,0.264,18.9,2022,Philadelphia 2022,0.532,0.529,0.658,0.413,0.443,0.424,0.373,0.36,0.364,98.3,0.236,0.812,17.2,15.2,110.6,2.5,0.146,125.9,1.7,0.634,140.1,0.9,0.268,118.9,0.31,0.235,0.12,0.355,0.087,0.248,0.335
291,Denver,113.2,0.552,0.147,0.25,18.7,110.6,0.534,0.133,0.231,17.8,2022,Denver 2022,0.551,0.54,0.69,0.444,0.434,0.441,0.377,0.343,0.352,97.4,0.252,0.802,19.0,16.1,115.8,3.0,0.156,127.6,1.2,0.638,129.4,1.6,0.289,125.2,0.334,0.182,0.099,0.281,0.104,0.281,0.385
292,Chicago,114.3,0.549,0.13,0.233,19.9,112.8,0.537,0.133,0.251,19.4,2022,Chicago 2022,0.549,0.528,0.651,0.467,0.438,0.453,0.435,0.356,0.379,99.2,0.232,0.817,16.8,14.8,111.7,3.8,0.141,133.2,2.3,0.634,156.4,1.4,0.264,120.8,0.32,0.191,0.18,0.372,0.092,0.217,0.309
293,Toronto,112.0,0.51,0.131,0.307,17.7,110.7,0.537,0.165,0.281,20.4,2022,Toronto 2022,0.51,0.528,0.621,0.41,0.393,0.404,0.408,0.338,0.356,90.9,0.312,0.759,23.5,21.0,107.5,3.4,0.183,124.3,2.0,0.643,137.2,1.4,0.359,118.0,0.303,0.227,0.124,0.351,0.088,0.258,0.346
294,Atlanta,115.0,0.542,0.122,0.257,20.4,114.7,0.545,0.126,0.25,17.6,2022,Atlanta 2022,0.542,0.53,0.652,0.427,0.431,0.428,0.401,0.368,0.376,100.1,0.256,0.808,18.3,17.4,102.2,2.9,0.139,127.8,1.2,0.576,136.4,1.4,0.27,122.6,0.31,0.214,0.125,0.338,0.085,0.267,0.352
295,Charlotte,112.6,0.535,0.13,0.257,17.6,112.8,0.544,0.148,0.275,19.0,2022,Charlotte 2022,0.535,0.55,0.635,0.372,0.43,0.388,0.368,0.358,0.361,95.2,0.26,0.78,19.1,17.4,107.0,3.9,0.17,129.5,2.5,0.714,142.9,1.5,0.312,123.3,0.374,0.175,0.065,0.24,0.117,0.269,0.386
296,Brooklyn,113.3,0.537,0.139,0.262,19.4,113.5,0.525,0.132,0.279,20.1,2022,Brooklyn 2022,0.536,0.527,0.62,0.455,0.477,0.464,0.382,0.355,0.362,96.9,0.256,0.802,19.3,17.0,110.1,2.9,0.153,126.1,1.1,0.648,126.9,1.8,0.303,125.7,0.306,0.211,0.144,0.355,0.083,0.256,0.339
297,LA Clippers,108.8,0.529,0.145,0.241,17.1,109.0,0.512,0.139,0.276,16.5,2022,LA Clippers 2022,0.529,0.524,0.64,0.452,0.376,0.42,0.411,0.362,0.373,95.0,0.241,0.799,15.9,14.8,104.5,1.3,0.164,113.7,1.0,0.613,126.4,0.4,0.319,108.9,0.282,0.211,0.144,0.355,0.086,0.278,0.364
298,New York,110.2,0.513,0.139,0.279,20.3,110.9,0.521,0.13,0.248,20.0,2022,New York 2022,0.513,0.537,0.62,0.373,0.379,0.376,0.379,0.35,0.357,91.7,0.288,0.803,21.9,19.1,111.6,2.7,0.137,126.1,1.5,0.635,137.2,1.2,0.248,120.6,0.324,0.182,0.105,0.288,0.086,0.303,0.389
299,San Antonio,112.0,0.528,0.126,0.268,15.0,112.8,0.536,0.137,0.277,17.5,2022,San Antonio 2022,0.528,0.528,0.639,0.453,0.419,0.443,0.381,0.344,0.353,95.1,0.271,0.787,19.8,18.1,106.4,2.8,0.162,123.3,1.9,0.667,140.6,0.7,0.319,112.7,0.321,0.253,0.113,0.367,0.079,0.234,0.313
300,Indiana,112.4,0.533,0.147,0.292,18.4,114.7,0.54,0.13,0.26,20.9,2022,Indiana 2022,0.533,0.542,0.649,0.422,0.415,0.42,0.369,0.341,0.348,94.7,0.293,0.81,21.4,18.3,113.2,2.5,0.134,123.4,1.4,0.646,136.7,1.0,0.25,116.0,0.355,0.186,0.096,0.282,0.096,0.266,0.363
301,LA Lakers,109.4,0.534,0.146,0.242,18.4,112.2,0.538,0.144,0.269,19.0,2022,LA Lakers 2022,0.535,0.547,0.657,0.388,0.393,0.39,0.387,0.337,0.349,93.8,0.245,0.787,18.1,16.6,106.2,2.7,0.17,122.6,1.5,0.587,136.6,1.3,0.346,118.0,0.385,0.141,0.12,0.261,0.087,0.267,0.354
302,New Orleans,109.7,0.516,0.148,0.281,20.1,112.5,0.541,0.14,0.248,19.9,2022,New Orleans 2022,0.516,0.536,0.634,0.436,0.4,0.422,0.379,0.316,0.332,91.1,0.29,0.792,21.7,19.0,111.4,2.9,0.156,125.7,1.4,0.63,133.0,1.6,0.299,123.3,0.342,0.202,0.118,0.32,0.087,0.25,0.338
303,Washington,110.5,0.532,0.136,0.237,19.5,113.3,0.525,0.119,0.259,20.6,2022,Washington 2022,0.532,0.532,0.697,0.408,0.413,0.409,0.399,0.323,0.343,96.3,0.242,0.817,19.0,15.4,121.0,1.7,0.135,120.1,0.9,0.589,126.5,0.9,0.27,117.2,0.329,0.231,0.11,0.341,0.088,0.242,0.33
304,Sacramento,109.7,0.525,0.143,0.253,19.6,115.6,0.55,0.133,0.271,17.8,2022,Sacramento 2022,0.525,0.533,0.655,0.422,0.423,0.422,0.377,0.334,0.344,92.8,0.257,0.802,19.1,16.3,114.9,3.1,0.153,126.8,2.1,0.615,153.2,1.0,0.299,115.9,0.323,0.235,0.095,0.33,0.083,0.264,0.347
305,Portland,109.3,0.523,0.143,0.254,19.3,115.2,0.556,0.137,0.246,20.6,2022,Portland 2022,0.523,0.54,0.6,0.425,0.404,0.417,0.385,0.35,0.358,93.2,0.266,0.818,19.9,17.3,112.5,1.7,0.129,121.0,1.4,0.615,136.8,0.3,0.231,111.7,0.331,0.167,0.101,0.268,0.092,0.309,0.401
306,Oklahoma City,103.5,0.493,0.136,0.242,16.8,111.6,0.532,0.137,0.26,16.5,2022,Oklahoma City 2022,0.493,0.534,0.594,0.433,0.393,0.424,0.345,0.311,0.318,87.9,0.236,0.809,15.6,14.7,103.5,2.4,0.145,122.0,1.6,0.622,137.8,0.9,0.258,113.8,0.313,0.237,0.068,0.305,0.085,0.297,0.381
307,Orlando,104.3,0.503,0.149,0.235,17.8,112.9,0.534,0.134,0.257,19.6,2022,Orlando 2022,0.504,0.537,0.632,0.399,0.353,0.385,0.364,0.324,0.332,88.8,0.24,0.808,17.6,14.8,117.0,1.9,0.146,119.7,1.5,0.619,138.1,0.4,0.285,110.9,0.324,0.204,0.088,0.292,0.085,0.299,0.383
308,Detroit,104.7,0.491,0.146,0.261,19.1,113.9,0.546,0.148,0.28,22.3,2022,Detroit 2022,0.491,0.541,0.595,0.374,0.382,0.377,0.358,0.318,0.33,87.1,0.257,0.799,20.1,18.3,105.7,2.5,0.141,125.0,1.5,0.607,137.8,0.9,0.281,117.7,0.353,0.193,0.103,0.296,0.1,0.251,0.351
309,Houston,107.8,0.534,0.167,0.252,20.4,117.6,0.561,0.138,0.276,20.4,2022,Houston 2022,0.534,0.556,0.636,0.366,0.303,0.352,0.35,0.354,0.353,91.9,0.257,0.832,19.9,15.8,124.5,1.4,0.121,116.7,1.2,0.609,130.4,0.4,0.23,111.9,0.393,0.148,0.042,0.19,0.08,0.337,0.417
